{
  "type": "FeatureCollection",
  "name": "njupt-xianlin-real-v1-buildings",
  "metadata": {
    "datasetId": "njupt-xianlin-real-v1",
    "layer": "buildings",
    "dataSource": "OPENSTREETMAP",
    "sourceId": "osm-xianlin-2026-08-22",
    "license": "ODbL-1.0",
    "requiredAttribution": "© OpenStreetMap contributors",
    "retrievedAt": "2026-08-22",
    "coordinateSystem": "EPSG:4326",
    "verificationStatus": "SOURCE_VERIFIED"
  },
  "features": [
    {
      "type": "Feature",
      "id": "osm:way:223859811",
      "properties": {
        "featureType": "BUILDING",
        "campusCode": "NJUPT_XIANLIN",
        "externalId": "osm:way:223859811",
        "name": "行政楼办公楼",
        "dataSource": "OPENSTREETMAP",
        "verificationStatus": "SOURCE_VERIFIED",
        "sourceId": "osm-xianlin-2026-08-22",
        "sourceUpdatedAt": null,
        "osmType": "way",
        "osmId": 223859811,
        "aliases": [
          "行政南楼"
        ],
        "category": "ADMINISTRATION",
        "minHeight": 0,
        "color": "#D8DDE1",
        "height": 19.8,
        "heightSource": "ESTIMATED_FROM_LEVELS",
        "officialName": "行政南楼",
        "displayName": "行政南楼",
        "source": "NJUPT_OFFICIAL_SPATIAL_MATCH",
        "sourceUrl": "https://xkb.njupt.edu.cn/10472/list.htm",
        "reviewStatus": "NEEDS_FIELD_CONFIRMATION",
        "reviewedAt": "2026-08-22",
        "notes": "Official source confirms 行政南楼; assignment to southern OSM polygon is a geographic inference.",
        "labelVisible": true
      },
      "geometry": {
        "type": "Polygon",
        "coordinates": [
          [
            [
              118.9237431,
              32.1080277
            ],
            [
              118.9245952,
              32.1080247
            ],
            [
              118.9245943,
              32.1078379
            ],
            [
              118.9244131,
              32.1078382
            ],
            [
              118.9244129,
              32.1077912
            ],
            [
              118.9243523,
              32.1077913
            ],
            [
              118.9243524,
              32.1078361
            ],
            [
              118.9238756,
              32.1078369
            ],
            [
              118.9238758,
              32.1077923
            ],
            [
              118.9238183,
              32.1077921
            ],
            [
              118.9238181,
              32.1078348
            ],
            [
              118.9237451,
              32.1078346
            ],
            [
              118.9237431,
              32.1080277
            ]
          ]
        ]
      }
    },
    {
      "type": "Feature",
      "id": "osm:way:223859826",
      "properties": {
        "featureType": "BUILDING",
        "campusCode": "NJUPT_XIANLIN",
        "externalId": "osm:way:223859826",
        "name": "行政楼办公楼",
        "dataSource": "OPENSTREETMAP",
        "verificationStatus": "SOURCE_VERIFIED",
        "sourceId": "osm-xianlin-2026-08-22",
        "sourceUpdatedAt": null,
        "osmType": "way",
        "osmId": 223859826,
        "aliases": [
          "行政北楼"
        ],
        "category": "ADMINISTRATION",
        "minHeight": 0,
        "color": "#D8DDE1",
        "height": 19.8,
        "heightSource": "ESTIMATED_FROM_LEVELS",
        "officialName": "行政北楼",
        "displayName": "行政北楼",
        "source": "NJUPT_OFFICIAL_SPATIAL_MATCH",
        "sourceUrl": "https://skc.njupt.edu.cn/jgsz/list.htm",
        "reviewStatus": "NEEDS_FIELD_CONFIRMATION",
        "reviewedAt": "2026-08-22",
        "notes": "Official source confirms 行政北楼; assignment to northern OSM polygon is a geographic inference.",
        "labelVisible": true
      },
      "geometry": {
        "type": "Polygon",
        "coordinates": [
          [
            [
              118.9249513,
              32.108193
            ],
            [
              118.9249514,
              32.108143
            ],
            [
              118.9252047,
              32.108143
            ],
            [
              118.9252364,
              32.1081981
            ],
            [
              118.9252311,
              32.108289
            ],
            [
              118.9251935,
              32.1083299
            ],
            [
              118.92507,
              32.1083298
            ],
            [
              118.9250699,
              32.1085024
            ],
            [
              118.9245877,
              32.1085021
            ],
            [
              118.9241143,
              32.1085018
            ],
            [
              118.9241146,
              32.1081933
            ],
            [
              118.9242229,
              32.1081934
            ],
            [
              118.924223,
              32.1080513
            ],
            [
              118.9244342,
              32.1080514
            ],
            [
              118.9244341,
              32.1081928
            ],
            [
              118.9249513,
              32.108193
            ]
          ]
        ]
      }
    },
    {
      "type": "Feature",
      "id": "osm:way:224938858",
      "properties": {
        "featureType": "BUILDING",
        "campusCode": "NJUPT_XIANLIN",
        "externalId": "osm:way:224938858",
        "name": "门卫",
        "dataSource": "OPENSTREETMAP",
        "verificationStatus": "SOURCE_VERIFIED",
        "sourceId": "osm-xianlin-2026-08-22",
        "sourceUpdatedAt": null,
        "osmType": "way",
        "osmId": 224938858,
        "aliases": [],
        "category": "OTHER",
        "minHeight": 0,
        "color": "#D8DDE1",
        "heightSource": "UNKNOWN",
        "officialName": null,
        "displayName": "门卫",
        "labelVisible": false
      },
      "geometry": {
        "type": "Polygon",
        "coordinates": [
          [
            [
              118.9260319,
              32.1085105
            ],
            [
              118.9260314,
              32.1084742
            ],
            [
              118.9260079,
              32.1084744
            ],
            [
              118.9260076,
              32.1084544
            ],
            [
              118.9260295,
              32.1084541
            ],
            [
              118.9260289,
              32.1084181
            ],
            [
              118.9260999,
              32.1084173
            ],
            [
              118.9261003,
              32.1084487
            ],
            [
              118.9261394,
              32.1084482
            ],
            [
              118.9261398,
              32.1084793
            ],
            [
              118.9261041,
              32.1084797
            ],
            [
              118.9261046,
              32.1085097
            ],
            [
              118.9260541,
              32.1085102
            ],
            [
              118.9260319,
              32.1085105
            ]
          ]
        ]
      }
    },
    {
      "type": "Feature",
      "id": "osm:way:224938894",
      "properties": {
        "featureType": "BUILDING",
        "campusCode": "NJUPT_XIANLIN",
        "externalId": "osm:way:224938894",
        "name": "门卫",
        "dataSource": "OPENSTREETMAP",
        "verificationStatus": "SOURCE_VERIFIED",
        "sourceId": "osm-xianlin-2026-08-22",
        "sourceUpdatedAt": null,
        "osmType": "way",
        "osmId": 224938894,
        "aliases": [],
        "category": "OTHER",
        "minHeight": 0,
        "color": "#D8DDE1",
        "heightSource": "UNKNOWN",
        "officialName": null,
        "displayName": "门卫",
        "labelVisible": false
      },
      "geometry": {
        "type": "Polygon",
        "coordinates": [
          [
            [
              118.9264775,
              32.108483
            ],
            [
              118.9265231,
              32.1084832
            ],
            [
              118.9265229,
              32.1085152
            ],
            [
              118.9265895,
              32.1085154
            ],
            [
              118.9265898,
              32.1084753
            ],
            [
              118.9266143,
              32.1084754
            ],
            [
              118.9266145,
              32.1084514
            ],
            [
              118.9265878,
              32.1084513
            ],
            [
              118.9265879,
              32.1084196
            ],
            [
              118.9265239,
              32.1084193
            ],
            [
              118.9265238,
              32.1084488
            ],
            [
              118.9264777,
              32.1084486
            ],
            [
              118.9264775,
              32.108483
            ]
          ]
        ]
      }
    },
    {
      "type": "Feature",
      "id": "osm:way:223699451",
      "properties": {
        "featureType": "BUILDING",
        "campusCode": "NJUPT_XIANLIN",
        "externalId": "osm:way:223699451",
        "name": "教1",
        "dataSource": "OPENSTREETMAP",
        "verificationStatus": "SOURCE_VERIFIED",
        "sourceId": "osm-xianlin-2026-08-22",
        "sourceUpdatedAt": null,
        "osmType": "way",
        "osmId": 223699451,
        "aliases": [
          "教1",
          "教学1号楼"
        ],
        "category": "OTHER",
        "minHeight": 0,
        "color": "#D8DDE1",
        "height": 18.0,
        "heightSource": "OSM_HEIGHT",
        "officialName": "教学1号楼",
        "displayName": "教1",
        "source": "NJUPT_OFFICIAL",
        "sourceUrl": "https://hqjt.njupt.edu.cn/2014/1215/c5002a66724/page.htm",
        "reviewStatus": "SOURCE_MATCHED",
        "reviewedAt": "2026-08-22",
        "notes": "Official source confirms 教学1~5号楼; OSM identity retained.",
        "labelVisible": true
      },
      "geometry": {
        "type": "Polygon",
        "coordinates": [
          [
            [
              118.9254227,
              32.1090177
            ],
            [
              118.9260049,
              32.109024
            ],
            [
              118.9260038,
              32.1090996
            ],
            [
              118.9260012,
              32.1091768
            ],
            [
              118.9260006,
              32.1093602
            ],
            [
              118.9259981,
              32.1094871
            ],
            [
              118.9259975,
              32.1095161
            ],
            [
              118.9254128,
              32.1095078
            ],
            [
              118.9254133,
              32.1094816
            ],
            [
              118.9254173,
              32.1092798
            ],
            [
              118.925419,
              32.1092012
            ],
            [
              118.9254227,
              32.1090177
            ]
          ]
        ]
      }
    },
    {
      "type": "Feature",
      "id": "osm:way:223859784",
      "properties": {
        "featureType": "BUILDING",
        "campusCode": "NJUPT_XIANLIN",
        "externalId": "osm:way:223859784",
        "name": "南邮仙林二食堂",
        "dataSource": "OPENSTREETMAP",
        "verificationStatus": "SOURCE_VERIFIED",
        "sourceId": "osm-xianlin-2026-08-22",
        "sourceUpdatedAt": null,
        "osmType": "way",
        "osmId": 223859784,
        "aliases": [
          "二食堂",
          "仙林二食堂"
        ],
        "category": "DINING",
        "minHeight": 0,
        "color": "#D8DDE1",
        "height": 9.9,
        "heightSource": "ESTIMATED_FROM_LEVELS",
        "officialName": "仙林二食堂",
        "displayName": "二食堂",
        "source": "NJUPT_OFFICIAL",
        "sourceUrl": "https://hqc.njupt.edu.cn/_t311/2014/0905/c5002a66692/page.htm",
        "reviewStatus": "SOURCE_MATCHED",
        "reviewedAt": "2026-08-22",
        "notes": "Official service page confirms the campus canteen name.",
        "labelVisible": true
      },
      "geometry": {
        "type": "Polygon",
        "coordinates": [
          [
            [
              118.9279687,
              32.1144483
            ],
            [
              118.9280686,
              32.1144498
            ],
            [
              118.9281262,
              32.1144501
            ],
            [
              118.9284104,
              32.1144495
            ],
            [
              118.9284093,
              32.1140073
            ],
            [
              118.9284091,
              32.1139637
            ],
            [
              118.9284061,
              32.1134738
            ],
            [
              118.928108,
              32.1134751
            ],
            [
              118.928055,
              32.1134753
            ],
            [
              118.9279641,
              32.1134756
            ],
            [
              118.9279658,
              32.1138263
            ],
            [
              118.9279667,
              32.1141315
            ],
            [
              118.9279687,
              32.1144483
            ]
          ]
        ]
      }
    },
    {
      "type": "Feature",
      "id": "osm:way:223859786",
      "properties": {
        "featureType": "BUILDING",
        "campusCode": "NJUPT_XIANLIN",
        "externalId": "osm:way:223859786",
        "name": "12",
        "dataSource": "OPENSTREETMAP",
        "verificationStatus": "SOURCE_VERIFIED",
        "sourceId": "osm-xianlin-2026-08-22",
        "sourceUpdatedAt": null,
        "osmType": "way",
        "osmId": 223859786,
        "aliases": [
          "12号楼",
          "12号宿舍"
        ],
        "category": "DORMITORY",
        "minHeight": 0,
        "color": "#D8DDE1",
        "height": 19.8,
        "heightSource": "ESTIMATED_FROM_LEVELS",
        "officialName": null,
        "displayName": "12号楼",
        "labelVisible": true,
        "dormitoryCandidate": {
          "number": "12",
          "displayName": "12号楼",
          "confidence": "HIGH",
          "evidence": "OSM source name begins with the explicit number 12; no spatial-order inference used"
        }
      },
      "geometry": {
        "type": "Polygon",
        "coordinates": [
          [
            [
              118.9279159,
              32.1132687
            ],
            [
              118.9279164,
              32.1131641
            ],
            [
              118.9280447,
              32.1131645
            ],
            [
              118.9280429,
              32.1131145
            ],
            [
              118.9289164,
              32.1131168
            ],
            [
              118.9289164,
              32.1131668
            ],
            [
              118.9289742,
              32.1131657
            ],
            [
              118.9290425,
              32.1131645
            ],
            [
              118.9290409,
              32.1132722
            ],
            [
              118.9288885,
              32.1132697
            ],
            [
              118.9288885,
              32.11323
            ],
            [
              118.9285192,
              32.11323
            ],
            [
              118.9284401,
              32.11323
            ],
            [
              118.9280942,
              32.11323
            ],
            [
              118.9280928,
              32.1132684
            ],
            [
              118.928036,
              32.1132677
            ],
            [
              118.9279159,
              32.1132687
            ]
          ]
        ]
      }
    },
    {
      "type": "Feature",
      "id": "osm:way:223859792",
      "properties": {
        "featureType": "BUILDING",
        "campusCode": "NJUPT_XIANLIN",
        "externalId": "osm:way:223859792",
        "name": "6",
        "dataSource": "OPENSTREETMAP",
        "verificationStatus": "SOURCE_VERIFIED",
        "sourceId": "osm-xianlin-2026-08-22",
        "sourceUpdatedAt": null,
        "osmType": "way",
        "osmId": 223859792,
        "aliases": [
          "6号楼",
          "6号宿舍"
        ],
        "category": "DORMITORY",
        "minHeight": 0,
        "color": "#D8DDE1",
        "height": 19.8,
        "heightSource": "ESTIMATED_FROM_LEVELS",
        "officialName": null,
        "displayName": "6号楼",
        "labelVisible": true,
        "dormitoryCandidate": {
          "number": "6",
          "displayName": "6号楼",
          "confidence": "HIGH",
          "evidence": "OSM source name begins with the explicit number 6; no spatial-order inference used"
        }
      },
      "geometry": {
        "type": "Polygon",
        "coordinates": [
          [
            [
              118.9281335,
              32.1120991
            ],
            [
              118.928133,
              32.1119667
            ],
            [
              118.9282609,
              32.1119664
            ],
            [
              118.9282608,
              32.1119311
            ],
            [
              118.9289059,
              32.1119296
            ],
            [
              118.9289061,
              32.1119733
            ],
            [
              118.9290338,
              32.111973
            ],
            [
              118.9290342,
              32.1120958
            ],
            [
              118.928873,
              32.1120962
            ],
            [
              118.9288727,
              32.112028
            ],
            [
              118.9285533,
              32.1120287
            ],
            [
              118.9284742,
              32.1120291
            ],
            [
              118.9283055,
              32.112031
            ],
            [
              118.9283065,
              32.1120971
            ],
            [
              118.9281335,
              32.1120991
            ]
          ]
        ]
      }
    },
    {
      "type": "Feature",
      "id": "osm:way:223859794",
      "properties": {
        "featureType": "BUILDING",
        "campusCode": "NJUPT_XIANLIN",
        "externalId": "osm:way:223859794",
        "name": "9",
        "dataSource": "OPENSTREETMAP",
        "verificationStatus": "SOURCE_VERIFIED",
        "sourceId": "osm-xianlin-2026-08-22",
        "sourceUpdatedAt": null,
        "osmType": "way",
        "osmId": 223859794,
        "aliases": [
          "9号楼",
          "9号宿舍"
        ],
        "category": "DORMITORY",
        "minHeight": 0,
        "color": "#D8DDE1",
        "height": 19.8,
        "heightSource": "ESTIMATED_FROM_LEVELS",
        "officialName": null,
        "displayName": "9号楼",
        "labelVisible": true,
        "dormitoryCandidate": {
          "number": "9",
          "displayName": "9号楼",
          "confidence": "HIGH",
          "evidence": "OSM source name begins with the explicit number 9; no spatial-order inference used"
        }
      },
      "geometry": {
        "type": "Polygon",
        "coordinates": [
          [
            [
              118.9279121,
              32.1127531
            ],
            [
              118.928121,
              32.1127567
            ],
            [
              118.9281217,
              32.1127255
            ],
            [
              118.9284199,
              32.1127302
            ],
            [
              118.9284222,
              32.1126265
            ],
            [
              118.9280409,
              32.1126205
            ],
            [
              118.9280399,
              32.1126651
            ],
            [
              118.9279125,
              32.1126631
            ],
            [
              118.9279121,
              32.1127531
            ]
          ]
        ]
      }
    },
    {
      "type": "Feature",
      "id": "osm:way:223859797",
      "properties": {
        "featureType": "BUILDING",
        "campusCode": "NJUPT_XIANLIN",
        "externalId": "osm:way:223859797",
        "name": "7",
        "dataSource": "OPENSTREETMAP",
        "verificationStatus": "SOURCE_VERIFIED",
        "sourceId": "osm-xianlin-2026-08-22",
        "sourceUpdatedAt": null,
        "osmType": "way",
        "osmId": 223859797,
        "aliases": [
          "7号楼",
          "7号宿舍"
        ],
        "category": "DORMITORY",
        "minHeight": 0,
        "color": "#D8DDE1",
        "height": 19.8,
        "heightSource": "ESTIMATED_FROM_LEVELS",
        "officialName": null,
        "displayName": "7号楼",
        "labelVisible": true,
        "dormitoryCandidate": {
          "number": "7",
          "displayName": "7号楼",
          "confidence": "HIGH",
          "evidence": "OSM source name begins with the explicit number 7; no spatial-order inference used"
        }
      },
      "geometry": {
        "type": "Polygon",
        "coordinates": [
          [
            [
              118.9279101,
              32.1124638
            ],
            [
              118.9279107,
              32.1123643
            ],
            [
              118.9279602,
              32.1123645
            ],
            [
              118.9280359,
              32.1123648
            ],
            [
              118.9280361,
              32.1123265
            ],
            [
              118.9284763,
              32.1123283
            ],
            [
              118.928555,
              32.1123286
            ],
            [
              118.9289101,
              32.11233
            ],
            [
              118.9289098,
              32.112374
            ],
            [
              118.9290314,
              32.1123745
            ],
            [
              118.9290309,
              32.1124659
            ],
            [
              118.9289707,
              32.1124656
            ],
            [
              118.9288562,
              32.1124652
            ],
            [
              118.9288564,
              32.1124257
            ],
            [
              118.928098,
              32.1124228
            ],
            [
              118.9280978,
              32.1124645
            ],
            [
              118.9279101,
              32.1124638
            ]
          ]
        ]
      }
    },
    {
      "type": "Feature",
      "id": "osm:way:223859798",
      "properties": {
        "featureType": "BUILDING",
        "campusCode": "NJUPT_XIANLIN",
        "externalId": "osm:way:223859798",
        "name": "3",
        "dataSource": "OPENSTREETMAP",
        "verificationStatus": "SOURCE_VERIFIED",
        "sourceId": "osm-xianlin-2026-08-22",
        "sourceUpdatedAt": null,
        "osmType": "way",
        "osmId": 223859798,
        "aliases": [
          "3号楼",
          "3号宿舍"
        ],
        "category": "DORMITORY",
        "minHeight": 0,
        "color": "#D8DDE1",
        "height": 19.8,
        "heightSource": "ESTIMATED_FROM_LEVELS",
        "officialName": null,
        "displayName": "3号楼",
        "labelVisible": true,
        "dormitoryCandidate": {
          "number": "3",
          "displayName": "3号楼",
          "confidence": "HIGH",
          "evidence": "OSM source name begins with the explicit number 3; no spatial-order inference used"
        }
      },
      "geometry": {
        "type": "Polygon",
        "coordinates": [
          [
            [
              118.9281271,
              32.1115747
            ],
            [
              118.9281277,
              32.1114696
            ],
            [
              118.928222,
              32.11147
            ],
            [
              118.9282223,
              32.1114173
            ],
            [
              118.9284902,
              32.1114184
            ],
            [
              118.9284895,
              32.1115261
            ],
            [
              118.9283037,
              32.1115253
            ],
            [
              118.9283034,
              32.1115755
            ],
            [
              118.9281271,
              32.1115747
            ]
          ]
        ]
      }
    },
    {
      "type": "Feature",
      "id": "osm:way:223859813",
      "properties": {
        "featureType": "BUILDING",
        "campusCode": "NJUPT_XIANLIN",
        "externalId": "osm:way:223859813",
        "name": "11",
        "dataSource": "OPENSTREETMAP",
        "verificationStatus": "SOURCE_VERIFIED",
        "sourceId": "osm-xianlin-2026-08-22",
        "sourceUpdatedAt": null,
        "osmType": "way",
        "osmId": 223859813,
        "aliases": [
          "11号楼",
          "11号宿舍"
        ],
        "category": "DORMITORY",
        "minHeight": 0,
        "color": "#D8DDE1",
        "height": 19.8,
        "heightSource": "ESTIMATED_FROM_LEVELS",
        "officialName": null,
        "displayName": "11号楼",
        "labelVisible": true,
        "dormitoryCandidate": {
          "number": "11",
          "displayName": "11号楼",
          "confidence": "HIGH",
          "evidence": "OSM source name begins with the explicit number 11; no spatial-order inference used"
        }
      },
      "geometry": {
        "type": "Polygon",
        "coordinates": [
          [
            [
              118.9279164,
              32.1130065
            ],
            [
              118.9281144,
              32.11301
            ],
            [
              118.9281144,
              32.1129782
            ],
            [
              118.9284131,
              32.1129798
            ],
            [
              118.9284175,
              32.1128805
            ],
            [
              118.9280366,
              32.112876
            ],
            [
              118.928034,
              32.1129191
            ],
            [
              118.9279135,
              32.1129168
            ],
            [
              118.9279164,
              32.1130065
            ]
          ]
        ]
      }
    },
    {
      "type": "Feature",
      "id": "osm:way:223859824",
      "properties": {
        "featureType": "BUILDING",
        "campusCode": "NJUPT_XIANLIN",
        "externalId": "osm:way:223859824",
        "name": "5",
        "dataSource": "OPENSTREETMAP",
        "verificationStatus": "SOURCE_VERIFIED",
        "sourceId": "osm-xianlin-2026-08-22",
        "sourceUpdatedAt": null,
        "osmType": "way",
        "osmId": 223859824,
        "aliases": [
          "5号楼",
          "5号宿舍"
        ],
        "category": "DORMITORY",
        "minHeight": 0,
        "color": "#D8DDE1",
        "height": 19.8,
        "heightSource": "ESTIMATED_FROM_LEVELS",
        "officialName": null,
        "displayName": "5号楼",
        "labelVisible": true,
        "dormitoryCandidate": {
          "number": "5",
          "displayName": "5号楼",
          "confidence": "HIGH",
          "evidence": "OSM source name begins with the explicit number 5; no spatial-order inference used"
        }
      },
      "geometry": {
        "type": "Polygon",
        "coordinates": [
          [
            [
              118.9281263,
              32.1118366
            ],
            [
              118.928127,
              32.1117347
            ],
            [
              118.9282214,
              32.1117352
            ],
            [
              118.9282217,
              32.1116829
            ],
            [
              118.928486,
              32.1116843
            ],
            [
              118.9284853,
              32.1117884
            ],
            [
              118.9282994,
              32.1117874
            ],
            [
              118.928299,
              32.1118375
            ],
            [
              118.9281263,
              32.1118366
            ]
          ]
        ]
      }
    },
    {
      "type": "Feature",
      "id": "osm:way:223859829",
      "properties": {
        "featureType": "BUILDING",
        "campusCode": "NJUPT_XIANLIN",
        "externalId": "osm:way:223859829",
        "name": "1",
        "dataSource": "OPENSTREETMAP",
        "verificationStatus": "SOURCE_VERIFIED",
        "sourceId": "osm-xianlin-2026-08-22",
        "sourceUpdatedAt": null,
        "osmType": "way",
        "osmId": 223859829,
        "aliases": [
          "1号楼",
          "1号宿舍"
        ],
        "category": "DORMITORY",
        "minHeight": 0,
        "color": "#D8DDE1",
        "height": 19.8,
        "heightSource": "ESTIMATED_FROM_LEVELS",
        "officialName": null,
        "displayName": "1号楼",
        "labelVisible": true,
        "dormitoryCandidate": {
          "number": "1",
          "displayName": "1号楼",
          "confidence": "HIGH",
          "evidence": "OSM source name begins with the explicit number 1; no spatial-order inference used"
        }
      },
      "geometry": {
        "type": "Polygon",
        "coordinates": [
          [
            [
              118.9281311,
              32.1113115
            ],
            [
              118.9281323,
              32.1112114
            ],
            [
              118.9282306,
              32.1112114
            ],
            [
              118.9282283,
              32.1111726
            ],
            [
              118.9284664,
              32.1111674
            ],
            [
              118.9285131,
              32.1111664
            ],
            [
              118.9285493,
              32.1111656
            ],
            [
              118.9289983,
              32.1111559
            ],
            [
              118.9289968,
              32.1111864
            ],
            [
              118.9290916,
              32.1111868
            ],
            [
              118.9290928,
              32.1112959
            ],
            [
              118.9289529,
              32.1112954
            ],
            [
              118.9289528,
              32.1112606
            ],
            [
              118.9283161,
              32.1112799
            ],
            [
              118.9283177,
              32.1113105
            ],
            [
              118.9281311,
              32.1113115
            ]
          ]
        ]
      }
    },
    {
      "type": "Feature",
      "id": "osm:way:223859843",
      "properties": {
        "featureType": "BUILDING",
        "campusCode": "NJUPT_XIANLIN",
        "externalId": "osm:way:223859843",
        "name": "16",
        "dataSource": "OPENSTREETMAP",
        "verificationStatus": "SOURCE_VERIFIED",
        "sourceId": "osm-xianlin-2026-08-22",
        "sourceUpdatedAt": null,
        "osmType": "way",
        "osmId": 223859843,
        "aliases": [
          "16号楼",
          "16号宿舍"
        ],
        "category": "DORMITORY",
        "minHeight": 0,
        "color": "#D8DDE1",
        "height": 19.8,
        "heightSource": "ESTIMATED_FROM_LEVELS",
        "officialName": null,
        "displayName": "16号楼",
        "labelVisible": true,
        "dormitoryCandidate": {
          "number": "16",
          "displayName": "16号楼",
          "confidence": "HIGH",
          "evidence": "OSM source name begins with the explicit number 16; no spatial-order inference used"
        }
      },
      "geometry": {
        "type": "Polygon",
        "coordinates": [
          [
            [
              118.928142,
              32.1147395
            ],
            [
              118.9281422,
              32.1147711
            ],
            [
              118.9283586,
              32.1147705
            ],
            [
              118.9283577,
              32.114732
            ],
            [
              118.9291549,
              32.1147246
            ],
            [
              118.9291555,
              32.1147651
            ],
            [
              118.9293262,
              32.1147642
            ],
            [
              118.9293276,
              32.1146404
            ],
            [
              118.9292176,
              32.1146415
            ],
            [
              118.9292177,
              32.1146101
            ],
            [
              118.9288253,
              32.1146128
            ],
            [
              118.9287788,
              32.1146131
            ],
            [
              118.9282493,
              32.1146191
            ],
            [
              118.9282536,
              32.1146657
            ],
            [
              118.9281414,
              32.1146664
            ],
            [
              118.928142,
              32.1147395
            ]
          ]
        ]
      }
    },
    {
      "type": "Feature",
      "id": "osm:way:224950590",
      "properties": {
        "featureType": "BUILDING",
        "campusCode": "NJUPT_XIANLIN",
        "externalId": "osm:way:224950590",
        "name": "圆楼",
        "dataSource": "OPENSTREETMAP",
        "verificationStatus": "SOURCE_VERIFIED",
        "sourceId": "osm-xianlin-2026-08-22",
        "sourceUpdatedAt": null,
        "osmType": "way",
        "osmId": 224950590,
        "aliases": [
          "圆楼"
        ],
        "category": "TEACHING",
        "minHeight": 0,
        "color": "#D8DDE1",
        "height": 19.8,
        "heightSource": "ESTIMATED_FROM_LEVELS",
        "officialName": "圆楼",
        "displayName": "圆楼",
        "source": "NJUPT_OFFICIAL",
        "sourceUrl": "https://www.njupt.edu.cn/2024/0705/c72a267415/page.htm",
        "reviewStatus": "SOURCE_MATCHED",
        "reviewedAt": "2026-08-22",
        "notes": "Official campus notice uses 圆楼.",
        "labelVisible": true
      },
      "geometry": {
        "type": "Polygon",
        "coordinates": [
          [
            [
              118.9272226,
              32.1092696
            ],
            [
              118.9272232,
              32.1091839
            ],
            [
              118.927062,
              32.1091757
            ],
            [
              118.9269787,
              32.1091051
            ],
            [
              118.9268648,
              32.1090792
            ],
            [
              118.9267509,
              32.1091051
            ],
            [
              118.9266676,
              32.1091757
            ],
            [
              118.9265347,
              32.1091742
            ],
            [
              118.9265349,
              32.1093616
            ],
            [
              118.9266217,
              32.1093623
            ],
            [
              118.9266616,
              32.1093841
            ],
            [
              118.926689,
              32.1093997
            ],
            [
              118.9267421,
              32.1094368
            ],
            [
              118.9267948,
              32.1094572
            ],
            [
              118.9268566,
              32.1094698
            ],
            [
              118.9269121,
              32.1094679
            ],
            [
              118.9269738,
              32.109452
            ],
            [
              118.9270241,
              32.1094179
            ],
            [
              118.9270626,
              32.1093747
            ],
            [
              118.9270767,
              32.1093687
            ],
            [
              118.9271562,
              32.1093687
            ],
            [
              118.9272145,
              32.1093683
            ],
            [
              118.9272226,
              32.1092696
            ]
          ]
        ]
      }
    },
    {
      "type": "Feature",
      "id": "osm:way:1173057051",
      "properties": {
        "featureType": "BUILDING",
        "campusCode": "NJUPT_XIANLIN",
        "externalId": "osm:way:1173057051",
        "name": "自动化学院、人工智能学院",
        "dataSource": "OPENSTREETMAP",
        "verificationStatus": "SOURCE_VERIFIED",
        "sourceId": "osm-xianlin-2026-08-22",
        "sourceUpdatedAt": null,
        "osmType": "way",
        "osmId": 1173057051,
        "aliases": [],
        "category": "TEACHING",
        "minHeight": 0,
        "color": "#D8DDE1",
        "height": 19.8,
        "heightSource": "ESTIMATED_FROM_LEVELS",
        "officialName": null,
        "displayName": "自动化学院、人工智能学院",
        "labelVisible": false
      },
      "geometry": {
        "type": "Polygon",
        "coordinates": [
          [
            [
              118.9228972,
              32.1157238
            ],
            [
              118.9230019,
              32.1155725
            ],
            [
              118.9236768,
              32.1158924
            ],
            [
              118.9235696,
              32.1160523
            ],
            [
              118.9228972,
              32.1157238
            ]
          ]
        ]
      }
    },
    {
      "type": "Feature",
      "id": "osm:way:1390009974",
      "properties": {
        "featureType": "BUILDING",
        "campusCode": "NJUPT_XIANLIN",
        "externalId": "osm:way:1390009974",
        "name": "南邮仙林一食堂",
        "dataSource": "OPENSTREETMAP",
        "verificationStatus": "SOURCE_VERIFIED",
        "sourceId": "osm-xianlin-2026-08-22",
        "sourceUpdatedAt": null,
        "osmType": "way",
        "osmId": 1390009974,
        "aliases": [
          "一食堂",
          "仙林一食堂"
        ],
        "category": "DINING",
        "minHeight": 0,
        "color": "#D8DDE1",
        "height": 9.9,
        "heightSource": "ESTIMATED_FROM_LEVELS",
        "officialName": "仙林一食堂",
        "displayName": "一食堂",
        "poiGroupId": "xianlin-canteen-1",
        "labelVisible": true,
        "source": "NJUPT_OFFICIAL",
        "sourceUrl": "https://hqc.njupt.edu.cn/_t311/2014/0905/c5002a66692/page.htm",
        "reviewStatus": "SOURCE_MATCHED",
        "reviewedAt": "2026-08-22",
        "notes": "Primary label and POI anchor for three touching building components; geometry is not merged."
      },
      "geometry": {
        "type": "Polygon",
        "coordinates": [
          [
            [
              118.9284938,
              32.1109367
            ],
            [
              118.9284936,
              32.1109095
            ],
            [
              118.9284207,
              32.110909
            ],
            [
              118.9284215,
              32.1108662
            ],
            [
              118.9283868,
              32.1108439
            ],
            [
              118.9283584,
              32.1108159
            ],
            [
              118.9283376,
              32.1107834
            ],
            [
              118.9283254,
              32.110748
            ],
            [
              118.9283223,
              32.1107112
            ],
            [
              118.9283277,
              32.1106771
            ],
            [
              118.9283409,
              32.1106446
            ],
            [
              118.9283614,
              32.1106149
            ],
            [
              118.9283884,
              32.1105893
            ],
            [
              118.9284208,
              32.1105686
            ],
            [
              118.9283833,
              32.1105691
            ],
            [
              118.9282881,
              32.1105703
            ],
            [
              118.9281097,
              32.1110082
            ],
            [
              118.928327,
              32.1110082
            ],
            [
              118.928327,
              32.1109951
            ],
            [
              118.9283796,
              32.1109951
            ],
            [
              118.9283796,
              32.1109367
            ],
            [
              118.9284886,
              32.1109366
            ],
            [
              118.9284938,
              32.1109367
            ]
          ]
        ]
      }
    },
    {
      "type": "Feature",
      "id": "osm:way:155434036",
      "properties": {
        "featureType": "BUILDING",
        "campusCode": "NJUPT_XIANLIN",
        "externalId": "osm:way:155434036",
        "name": "教3",
        "dataSource": "OPENSTREETMAP",
        "verificationStatus": "SOURCE_VERIFIED",
        "sourceId": "osm-xianlin-2026-08-22",
        "sourceUpdatedAt": null,
        "osmType": "way",
        "osmId": 155434036,
        "aliases": [
          "教3",
          "教学3号楼"
        ],
        "category": "OTHER",
        "minHeight": 0,
        "color": "#D8DDE1",
        "height": 19.8,
        "heightSource": "ESTIMATED_FROM_LEVELS",
        "officialName": "教学3号楼",
        "displayName": "教3",
        "source": "NJUPT_OFFICIAL",
        "sourceUrl": "https://www.njupt.edu.cn/2024/0705/c72a267415/page.htm",
        "reviewStatus": "SOURCE_MATCHED",
        "reviewedAt": "2026-08-22",
        "notes": "Official source uses 教三; numeric aliases kept conservative.",
        "labelVisible": true
      },
      "geometry": {
        "type": "Polygon",
        "coordinates": [
          [
            [
              118.9241513,
              32.1109561
            ],
            [
              118.9248675,
              32.1109598
            ],
            [
              118.9248709,
              32.1108541
            ],
            [
              118.9253903,
              32.1108565
            ],
            [
              118.9253892,
              32.1110272
            ],
            [
              118.925991,
              32.11103
            ],
            [
              118.9259916,
              32.1109382
            ],
            [
              118.9259943,
              32.1105199
            ],
            [
              118.9254392,
              32.1105176
            ],
            [
              118.9253932,
              32.1105168
            ],
            [
              118.9247973,
              32.1105158
            ],
            [
              118.9247534,
              32.1105158
            ],
            [
              118.9241554,
              32.1105114
            ],
            [
              118.9241545,
              32.1106413
            ],
            [
              118.9241533,
              32.1108322
            ],
            [
              118.9241513,
              32.1109561
            ]
          ]
        ]
      }
    },
    {
      "type": "Feature",
      "id": "osm:way:223699452",
      "properties": {
        "featureType": "BUILDING",
        "campusCode": "NJUPT_XIANLIN",
        "externalId": "osm:way:223699452",
        "name": "教4",
        "dataSource": "OPENSTREETMAP",
        "verificationStatus": "SOURCE_VERIFIED",
        "sourceId": "osm-xianlin-2026-08-22",
        "sourceUpdatedAt": null,
        "osmType": "way",
        "osmId": 223699452,
        "aliases": [
          "教4",
          "教学4号楼"
        ],
        "category": "OTHER",
        "minHeight": 0,
        "color": "#D8DDE1",
        "height": 19.8,
        "heightSource": "ESTIMATED_FROM_LEVELS",
        "officialName": "教学4号楼",
        "displayName": "教4",
        "source": "NJUPT_OFFICIAL",
        "sourceUrl": "https://hqjt.njupt.edu.cn/2014/1215/c5002a66724/page.htm",
        "reviewStatus": "SOURCE_MATCHED",
        "reviewedAt": "2026-08-22",
        "notes": "No unverified student nickname added.",
        "labelVisible": true
      },
      "geometry": {
        "type": "Polygon",
        "coordinates": [
          [
            [
              118.9241608,
              32.1118348
            ],
            [
              118.9241608,
              32.111731
            ],
            [
              118.924161,
              32.1114923
            ],
            [
              118.924161,
              32.1113769
            ],
            [
              118.9248713,
              32.1113772
            ],
            [
              118.9248712,
              32.1116089
            ],
            [
              118.9253699,
              32.1116092
            ],
            [
              118.9253701,
              32.1113355
            ],
            [
              118.9253987,
              32.1113355
            ],
            [
              118.9259755,
              32.1113358
            ],
            [
              118.9259754,
              32.1115046
            ],
            [
              118.9259752,
              32.1117493
            ],
            [
              118.9259752,
              32.1118356
            ],
            [
              118.9253728,
              32.1118353
            ],
            [
              118.9248751,
              32.1118351
            ],
            [
              118.9241608,
              32.1118348
            ]
          ]
        ]
      }
    },
    {
      "type": "Feature",
      "id": "osm:way:223699454",
      "properties": {
        "featureType": "BUILDING",
        "campusCode": "NJUPT_XIANLIN",
        "externalId": "osm:way:223699454",
        "name": "教5",
        "dataSource": "OPENSTREETMAP",
        "verificationStatus": "SOURCE_VERIFIED",
        "sourceId": "osm-xianlin-2026-08-22",
        "sourceUpdatedAt": null,
        "osmType": "way",
        "osmId": 223699454,
        "aliases": [
          "教5",
          "教学5号楼"
        ],
        "category": "OTHER",
        "minHeight": 0,
        "color": "#D8DDE1",
        "height": 19.8,
        "heightSource": "ESTIMATED_FROM_LEVELS",
        "officialName": "教学5号楼",
        "displayName": "教5",
        "source": "NJUPT_OFFICIAL",
        "sourceUrl": "https://hqjt.njupt.edu.cn/2014/1215/c5002a66724/page.htm",
        "reviewStatus": "SOURCE_MATCHED",
        "reviewedAt": "2026-08-22",
        "notes": "No unverified student nickname added.",
        "labelVisible": true
      },
      "geometry": {
        "type": "Polygon",
        "coordinates": [
          [
            [
              118.9241417,
              32.1126903
            ],
            [
              118.9241426,
              32.1125684
            ],
            [
              118.9241445,
              32.112316
            ],
            [
              118.9241445,
              32.112204
            ],
            [
              118.9247739,
              32.1122041
            ],
            [
              118.9247941,
              32.1122041
            ],
            [
              118.9248218,
              32.112204
            ],
            [
              118.9249747,
              32.1122035
            ],
            [
              118.9252496,
              32.1122034
            ],
            [
              118.9254058,
              32.1122033
            ],
            [
              118.9254063,
              32.1123302
            ],
            [
              118.9254065,
              32.1123702
            ],
            [
              118.925407,
              32.1124768
            ],
            [
              118.9248558,
              32.1124802
            ],
            [
              118.9248575,
              32.1125268
            ],
            [
              118.9248576,
              32.11269
            ],
            [
              118.9241417,
              32.1126903
            ]
          ]
        ]
      }
    },
    {
      "type": "Feature",
      "id": "osm:way:223699456",
      "properties": {
        "featureType": "BUILDING",
        "campusCode": "NJUPT_XIANLIN",
        "externalId": "osm:way:223699456",
        "name": "教2",
        "dataSource": "OPENSTREETMAP",
        "verificationStatus": "SOURCE_VERIFIED",
        "sourceId": "osm-xianlin-2026-08-22",
        "sourceUpdatedAt": null,
        "osmType": "way",
        "osmId": 223699456,
        "aliases": [
          "教2",
          "教学2号楼"
        ],
        "category": "OTHER",
        "minHeight": 0,
        "color": "#D8DDE1",
        "height": 19.8,
        "heightSource": "ESTIMATED_FROM_LEVELS",
        "officialName": "教学2号楼",
        "displayName": "教2",
        "source": "NJUPT_OFFICIAL",
        "sourceUrl": "https://hqjt.njupt.edu.cn/2014/1215/c5002a66724/page.htm",
        "reviewStatus": "SOURCE_MATCHED",
        "reviewedAt": "2026-08-22",
        "notes": "No unverified student nickname added.",
        "labelVisible": true
      },
      "geometry": {
        "type": "Polygon",
        "coordinates": [
          [
            [
              118.9241741,
              32.1102162
            ],
            [
              118.9241752,
              32.1100801
            ],
            [
              118.9241745,
              32.1098646
            ],
            [
              118.9241754,
              32.1097157
            ],
            [
              118.9248765,
              32.1097189
            ],
            [
              118.9248751,
              32.1099396
            ],
            [
              118.9253787,
              32.109942
            ],
            [
              118.9253804,
              32.1096802
            ],
            [
              118.9259866,
              32.1096831
            ],
            [
              118.9259853,
              32.1098679
            ],
            [
              118.9259839,
              32.1100908
            ],
            [
              118.925983,
              32.110227
            ],
            [
              118.9254418,
              32.1102243
            ],
            [
              118.9253966,
              32.1102257
            ],
            [
              118.9247914,
              32.1102208
            ],
            [
              118.92475,
              32.1102195
            ],
            [
              118.9241741,
              32.1102162
            ]
          ]
        ]
      }
    },
    {
      "type": "Feature",
      "id": "osm:way:223859810",
      "properties": {
        "featureType": "BUILDING",
        "campusCode": "NJUPT_XIANLIN",
        "externalId": "osm:way:223859810",
        "name": "图书馆",
        "dataSource": "OPENSTREETMAP",
        "verificationStatus": "SOURCE_VERIFIED",
        "sourceId": "osm-xianlin-2026-08-22",
        "sourceUpdatedAt": null,
        "osmType": "way",
        "osmId": 223859810,
        "aliases": [
          "图书馆",
          "仙林图书馆",
          "仙林校区图书馆"
        ],
        "category": "LIBRARY",
        "minHeight": 0,
        "color": "#D8DDE1",
        "height": 13.2,
        "heightSource": "ESTIMATED_FROM_LEVELS",
        "officialName": "仙林校区图书馆",
        "displayName": "图书馆",
        "source": "NJUPT_OFFICIAL",
        "sourceUrl": "https://lib.njupt.edu.cn/1384/list.htm",
        "reviewStatus": "SOURCE_MATCHED",
        "reviewedAt": "2026-08-22",
        "notes": "Official library page confirms campus name.",
        "labelVisible": true
      },
      "geometry": {
        "type": "Polygon",
        "coordinates": [
          [
            [
              118.92654,
              32.1145185
            ],
            [
              118.9268343,
              32.1145197
            ],
            [
              118.9269858,
              32.114521
            ],
            [
              118.927273,
              32.1145225
            ],
            [
              118.9272759,
              32.1141418
            ],
            [
              118.9272776,
              32.1139249
            ],
            [
              118.9272807,
              32.1135215
            ],
            [
              118.9269692,
              32.1135198
            ],
            [
              118.9268369,
              32.1135191
            ],
            [
              118.9265389,
              32.1135193
            ],
            [
              118.9265393,
              32.1138763
            ],
            [
              118.9265396,
              32.1141842
            ],
            [
              118.92654,
              32.1145185
            ]
          ]
        ]
      }
    },
    {
      "type": "Feature",
      "id": "osm:way:224954737",
      "properties": {
        "featureType": "BUILDING",
        "campusCode": "NJUPT_XIANLIN",
        "externalId": "osm:way:224954737",
        "name": "特大教室",
        "dataSource": "OPENSTREETMAP",
        "verificationStatus": "SOURCE_VERIFIED",
        "sourceId": "osm-xianlin-2026-08-22",
        "sourceUpdatedAt": null,
        "osmType": "way",
        "osmId": 224954737,
        "aliases": [],
        "category": "OTHER",
        "minHeight": 0,
        "color": "#D8DDE1",
        "heightSource": "UNKNOWN",
        "officialName": null,
        "displayName": "特大教室",
        "labelVisible": true
      },
      "geometry": {
        "type": "Polygon",
        "coordinates": [
          [
            [
              118.9254637,
              32.1104452
            ],
            [
              118.9257776,
              32.1104547
            ],
            [
              118.9257864,
              32.1102448
            ],
            [
              118.9254725,
              32.1102353
            ],
            [
              118.9254637,
              32.1104452
            ]
          ]
        ]
      }
    },
    {
      "type": "Feature",
      "id": "osm:way:224990427",
      "properties": {
        "featureType": "BUILDING",
        "campusCode": "NJUPT_XIANLIN",
        "externalId": "osm:way:224990427",
        "name": "连廊",
        "dataSource": "OPENSTREETMAP",
        "verificationStatus": "SOURCE_VERIFIED",
        "sourceId": "osm-xianlin-2026-08-22",
        "sourceUpdatedAt": null,
        "osmType": "way",
        "osmId": 224990427,
        "aliases": [],
        "category": "OTHER",
        "minHeight": 0,
        "color": "#D8DDE1",
        "height": 19.8,
        "heightSource": "ESTIMATED_FROM_LEVELS",
        "officialName": null,
        "displayName": "连廊",
        "labelVisible": false
      },
      "geometry": {
        "type": "Polygon",
        "coordinates": [
          [
            [
              118.9247534,
              32.1105158
            ],
            [
              118.9247519,
              32.1104935
            ],
            [
              118.9247482,
              32.1104399
            ],
            [
              118.92475,
              32.1102195
            ],
            [
              118.9247914,
              32.1102208
            ],
            [
              118.9247973,
              32.1105158
            ],
            [
              118.9247534,
              32.1105158
            ]
          ]
        ]
      }
    },
    {
      "type": "Feature",
      "id": "osm:way:224990428",
      "properties": {
        "featureType": "BUILDING",
        "campusCode": "NJUPT_XIANLIN",
        "externalId": "osm:way:224990428",
        "name": "连廊",
        "dataSource": "OPENSTREETMAP",
        "verificationStatus": "SOURCE_VERIFIED",
        "sourceId": "osm-xianlin-2026-08-22",
        "sourceUpdatedAt": null,
        "osmType": "way",
        "osmId": 224990428,
        "aliases": [],
        "category": "OTHER",
        "minHeight": 0,
        "color": "#D8DDE1",
        "height": 19.8,
        "heightSource": "ESTIMATED_FROM_LEVELS",
        "officialName": null,
        "displayName": "连廊",
        "labelVisible": false
      },
      "geometry": {
        "type": "Polygon",
        "coordinates": [
          [
            [
              118.9253932,
              32.1105168
            ],
            [
              118.9253966,
              32.1102257
            ],
            [
              118.9254418,
              32.1102243
            ],
            [
              118.9254392,
              32.1104595
            ],
            [
              118.9254392,
              32.1105176
            ],
            [
              118.9253932,
              32.1105168
            ]
          ]
        ]
      }
    },
    {
      "type": "Feature",
      "id": "osm:way:1173057050",
      "properties": {
        "featureType": "BUILDING",
        "campusCode": "NJUPT_XIANLIN",
        "externalId": "osm:way:1173057050",
        "name": "电子与光学工程学院、柔性材料（未来技术）学院",
        "dataSource": "OPENSTREETMAP",
        "verificationStatus": "SOURCE_VERIFIED",
        "sourceId": "osm-xianlin-2026-08-22",
        "sourceUpdatedAt": null,
        "osmType": "way",
        "osmId": 1173057050,
        "aliases": [],
        "category": "TEACHING",
        "minHeight": 0,
        "color": "#D8DDE1",
        "height": 19.8,
        "heightSource": "ESTIMATED_FROM_LEVELS",
        "officialName": null,
        "displayName": "电子与光学工程学院、柔性材料（未来技术）学院",
        "labelVisible": false
      },
      "geometry": {
        "type": "Polygon",
        "coordinates": [
          [
            [
              118.9231434,
              32.1153639
            ],
            [
              118.9232505,
              32.1152018
            ],
            [
              118.9235631,
              32.1153596
            ],
            [
              118.9244256,
              32.1153444
            ],
            [
              118.9244251,
              32.1155377
            ],
            [
              118.9235032,
              32.1155422
            ],
            [
              118.9231434,
              32.1153639
            ]
          ]
        ]
      }
    },
    {
      "type": "Feature",
      "id": "osm:way:223859783",
      "properties": {
        "featureType": "BUILDING",
        "campusCode": "NJUPT_XIANLIN",
        "externalId": "osm:way:223859783",
        "name": "19",
        "dataSource": "OPENSTREETMAP",
        "verificationStatus": "SOURCE_VERIFIED",
        "sourceId": "osm-xianlin-2026-08-22",
        "sourceUpdatedAt": null,
        "osmType": "way",
        "osmId": 223859783,
        "aliases": [
          "19号楼",
          "19号宿舍"
        ],
        "category": "DORMITORY",
        "minHeight": 0,
        "color": "#D8DDE1",
        "height": 19.8,
        "heightSource": "ESTIMATED_FROM_LEVELS",
        "officialName": null,
        "displayName": "19号楼",
        "labelVisible": true,
        "dormitoryCandidate": {
          "number": "19",
          "displayName": "19号楼",
          "confidence": "HIGH",
          "evidence": "OSM source name begins with the explicit number 19; no spatial-order inference used"
        }
      },
      "geometry": {
        "type": "Polygon",
        "coordinates": [
          [
            [
              118.929016,
              32.115305
            ],
            [
              118.9292901,
              32.1153044
            ],
            [
              118.9292898,
              32.1153214
            ],
            [
              118.929482,
              32.1153199
            ],
            [
              118.9294817,
              32.1152353
            ],
            [
              118.9293931,
              32.1152354
            ],
            [
              118.9293926,
              32.1152098
            ],
            [
              118.929018,
              32.1152098
            ],
            [
              118.929016,
              32.115305
            ]
          ]
        ]
      }
    },
    {
      "type": "Feature",
      "id": "osm:way:223859787",
      "properties": {
        "featureType": "BUILDING",
        "campusCode": "NJUPT_XIANLIN",
        "externalId": "osm:way:223859787",
        "name": "10",
        "dataSource": "OPENSTREETMAP",
        "verificationStatus": "SOURCE_VERIFIED",
        "sourceId": "osm-xianlin-2026-08-22",
        "sourceUpdatedAt": null,
        "osmType": "way",
        "osmId": 223859787,
        "aliases": [
          "10号楼",
          "10号宿舍"
        ],
        "category": "DORMITORY",
        "minHeight": 0,
        "color": "#D8DDE1",
        "height": 19.8,
        "heightSource": "ESTIMATED_FROM_LEVELS",
        "officialName": null,
        "displayName": "10号楼",
        "labelVisible": true,
        "dormitoryCandidate": {
          "number": "10",
          "displayName": "10号楼",
          "confidence": "HIGH",
          "evidence": "OSM source name begins with the explicit number 10; no spatial-order inference used"
        }
      },
      "geometry": {
        "type": "Polygon",
        "coordinates": [
          [
            [
              118.9286847,
              32.1129721
            ],
            [
              118.92885,
              32.1129721
            ],
            [
              118.9288499,
              32.1130051
            ],
            [
              118.9289743,
              32.1130051
            ],
            [
              118.9290356,
              32.1130052
            ],
            [
              118.9290357,
              32.1129147
            ],
            [
              118.9289723,
              32.1129147
            ],
            [
              118.9289187,
              32.1129146
            ],
            [
              118.9289187,
              32.1128835
            ],
            [
              118.9286848,
              32.1128834
            ],
            [
              118.9286847,
              32.1129721
            ]
          ]
        ]
      }
    },
    {
      "type": "Feature",
      "id": "osm:way:223859790",
      "properties": {
        "featureType": "BUILDING",
        "campusCode": "NJUPT_XIANLIN",
        "externalId": "osm:way:223859790",
        "name": "20",
        "dataSource": "OPENSTREETMAP",
        "verificationStatus": "SOURCE_VERIFIED",
        "sourceId": "osm-xianlin-2026-08-22",
        "sourceUpdatedAt": null,
        "osmType": "way",
        "osmId": 223859790,
        "aliases": [
          "20号楼",
          "20号宿舍"
        ],
        "category": "DORMITORY",
        "minHeight": 0,
        "color": "#D8DDE1",
        "height": 19.8,
        "heightSource": "ESTIMATED_FROM_LEVELS",
        "officialName": null,
        "displayName": "20号楼",
        "labelVisible": true,
        "dormitoryCandidate": {
          "number": "20",
          "displayName": "20号楼",
          "confidence": "HIGH",
          "evidence": "OSM source name begins with the explicit number 20; no spatial-order inference used"
        }
      },
      "geometry": {
        "type": "Polygon",
        "coordinates": [
          [
            [
              118.9282897,
              32.1153437
            ],
            [
              118.9283806,
              32.1153433
            ],
            [
              118.9284361,
              32.1153431
            ],
            [
              118.9284359,
              32.1153047
            ],
            [
              118.9285761,
              32.1153041
            ],
            [
              118.9285763,
              32.1153284
            ],
            [
              118.9286552,
              32.1153281
            ],
            [
              118.928655,
              32.1153044
            ],
            [
              118.9288291,
              32.1153037
            ],
            [
              118.9288285,
              32.1152133
            ],
            [
              118.9284304,
              32.115215
            ],
            [
              118.9284306,
              32.1152502
            ],
            [
              118.9282891,
              32.1152508
            ],
            [
              118.9282897,
              32.1153437
            ]
          ]
        ]
      }
    },
    {
      "type": "Feature",
      "id": "osm:way:223859791",
      "properties": {
        "featureType": "BUILDING",
        "campusCode": "NJUPT_XIANLIN",
        "externalId": "osm:way:223859791",
        "name": "17",
        "dataSource": "OPENSTREETMAP",
        "verificationStatus": "SOURCE_VERIFIED",
        "sourceId": "osm-xianlin-2026-08-22",
        "sourceUpdatedAt": null,
        "osmType": "way",
        "osmId": 223859791,
        "aliases": [
          "17号楼",
          "17号宿舍"
        ],
        "category": "DORMITORY",
        "minHeight": 0,
        "color": "#D8DDE1",
        "height": 19.8,
        "heightSource": "ESTIMATED_FROM_LEVELS",
        "officialName": null,
        "displayName": "17号楼",
        "labelVisible": true,
        "dormitoryCandidate": {
          "number": "17",
          "displayName": "17号楼",
          "confidence": "HIGH",
          "evidence": "OSM source name begins with the explicit number 17; no spatial-order inference used"
        }
      },
      "geometry": {
        "type": "Polygon",
        "coordinates": [
          [
            [
              118.9289413,
              32.1150241
            ],
            [
              118.9292231,
              32.1150253
            ],
            [
              118.9292229,
              32.1150482
            ],
            [
              118.9293879,
              32.1150489
            ],
            [
              118.9294234,
              32.115049
            ],
            [
              118.929424,
              32.1149468
            ],
            [
              118.9293249,
              32.1149448
            ],
            [
              118.9293251,
              32.1149142
            ],
            [
              118.928942,
              32.1149141
            ],
            [
              118.9289413,
              32.1150241
            ]
          ]
        ]
      }
    },
    {
      "type": "Feature",
      "id": "osm:way:223859796",
      "properties": {
        "featureType": "BUILDING",
        "campusCode": "NJUPT_XIANLIN",
        "externalId": "osm:way:223859796",
        "name": "15",
        "dataSource": "OPENSTREETMAP",
        "verificationStatus": "SOURCE_VERIFIED",
        "sourceId": "osm-xianlin-2026-08-22",
        "sourceUpdatedAt": null,
        "osmType": "way",
        "osmId": 223859796,
        "aliases": [
          "15号楼",
          "15号宿舍"
        ],
        "category": "DORMITORY",
        "minHeight": 0,
        "color": "#D8DDE1",
        "height": 19.8,
        "heightSource": "ESTIMATED_FROM_LEVELS",
        "officialName": null,
        "displayName": "15号楼",
        "labelVisible": true,
        "dormitoryCandidate": {
          "number": "15",
          "displayName": "15号楼",
          "confidence": "HIGH",
          "evidence": "OSM source name begins with the explicit number 15; no spatial-order inference used"
        }
      },
      "geometry": {
        "type": "Polygon",
        "coordinates": [
          [
            [
              118.9285827,
              32.114384
            ],
            [
              118.9286782,
              32.1143837
            ],
            [
              118.9287966,
              32.1143831
            ],
            [
              118.9287973,
              32.1143482
            ],
            [
              118.9288857,
              32.1143454
            ],
            [
              118.9289273,
              32.1143468
            ],
            [
              118.9290307,
              32.1143454
            ],
            [
              118.9290314,
              32.1143841
            ],
            [
              118.9291316,
              32.114383
            ],
            [
              118.929234,
              32.1143824
            ],
            [
              118.9292331,
              32.1142671
            ],
            [
              118.9291594,
              32.1142675
            ],
            [
              118.929129,
              32.1142676
            ],
            [
              118.9291288,
              32.1142383
            ],
            [
              118.9287026,
              32.1142402
            ],
            [
              118.9287029,
              32.1142787
            ],
            [
              118.928582,
              32.1142793
            ],
            [
              118.9285827,
              32.114384
            ]
          ]
        ]
      }
    },
    {
      "type": "Feature",
      "id": "osm:way:223859801",
      "properties": {
        "featureType": "BUILDING",
        "campusCode": "NJUPT_XIANLIN",
        "externalId": "osm:way:223859801",
        "name": "4",
        "dataSource": "OPENSTREETMAP",
        "verificationStatus": "SOURCE_VERIFIED",
        "sourceId": "osm-xianlin-2026-08-22",
        "sourceUpdatedAt": null,
        "osmType": "way",
        "osmId": 223859801,
        "aliases": [
          "4号楼",
          "4号宿舍"
        ],
        "category": "DORMITORY",
        "minHeight": 0,
        "color": "#D8DDE1",
        "height": 19.8,
        "heightSource": "ESTIMATED_FROM_LEVELS",
        "officialName": null,
        "displayName": "4号楼",
        "labelVisible": true,
        "dormitoryCandidate": {
          "number": "4",
          "displayName": "4号楼",
          "confidence": "HIGH",
          "evidence": "OSM source name begins with the explicit number 4; no spatial-order inference used"
        }
      },
      "geometry": {
        "type": "Polygon",
        "coordinates": [
          [
            [
              118.928744,
              32.1117818
            ],
            [
              118.9287448,
              32.111682
            ],
            [
              118.9288863,
              32.1116828
            ],
            [
              118.928886,
              32.111721
            ],
            [
              118.9290389,
              32.1117218
            ],
            [
              118.9290381,
              32.1118222
            ],
            [
              118.9288163,
              32.1118209
            ],
            [
              118.9288166,
              32.1117822
            ],
            [
              118.928744,
              32.1117818
            ]
          ]
        ]
      }
    },
    {
      "type": "Feature",
      "id": "osm:way:223859809",
      "properties": {
        "featureType": "BUILDING",
        "campusCode": "NJUPT_XIANLIN",
        "externalId": "osm:way:223859809",
        "name": "8",
        "dataSource": "OPENSTREETMAP",
        "verificationStatus": "SOURCE_VERIFIED",
        "sourceId": "osm-xianlin-2026-08-22",
        "sourceUpdatedAt": null,
        "osmType": "way",
        "osmId": 223859809,
        "aliases": [
          "8号楼",
          "8号宿舍"
        ],
        "category": "DORMITORY",
        "minHeight": 0,
        "color": "#D8DDE1",
        "height": 19.8,
        "heightSource": "ESTIMATED_FROM_LEVELS",
        "officialName": null,
        "displayName": "8号楼",
        "labelVisible": true,
        "dormitoryCandidate": {
          "number": "8",
          "displayName": "8号楼",
          "confidence": "HIGH",
          "evidence": "OSM source name begins with the explicit number 8; no spatial-order inference used"
        }
      },
      "geometry": {
        "type": "Polygon",
        "coordinates": [
          [
            [
              118.9286879,
              32.112713
            ],
            [
              118.9288546,
              32.1127116
            ],
            [
              118.9288549,
              32.1127428
            ],
            [
              118.9289723,
              32.1127418
            ],
            [
              118.929035,
              32.1127413
            ],
            [
              118.9290339,
              32.1126499
            ],
            [
              118.9289743,
              32.1126504
            ],
            [
              118.9289267,
              32.1126508
            ],
            [
              118.9289264,
              32.11262
            ],
            [
              118.9286868,
              32.112622
            ],
            [
              118.9286879,
              32.112713
            ]
          ]
        ]
      }
    },
    {
      "type": "Feature",
      "id": "osm:way:223859815",
      "properties": {
        "featureType": "BUILDING",
        "campusCode": "NJUPT_XIANLIN",
        "externalId": "osm:way:223859815",
        "name": "13",
        "dataSource": "OPENSTREETMAP",
        "verificationStatus": "SOURCE_VERIFIED",
        "sourceId": "osm-xianlin-2026-08-22",
        "sourceUpdatedAt": null,
        "osmType": "way",
        "osmId": 223859815,
        "aliases": [
          "13号楼",
          "13号宿舍"
        ],
        "category": "DORMITORY",
        "minHeight": 0,
        "color": "#D8DDE1",
        "height": 19.8,
        "heightSource": "ESTIMATED_FROM_LEVELS",
        "officialName": null,
        "displayName": "13号楼",
        "labelVisible": true,
        "dormitoryCandidate": {
          "number": "13",
          "displayName": "13号楼",
          "confidence": "HIGH",
          "evidence": "OSM source name begins with the explicit number 13; no spatial-order inference used"
        }
      },
      "geometry": {
        "type": "Polygon",
        "coordinates": [
          [
            [
              118.9285709,
              32.113685
            ],
            [
              118.9287496,
              32.1136836
            ],
            [
              118.9287496,
              32.1136419
            ],
            [
              118.9289376,
              32.1136406
            ],
            [
              118.9289376,
              32.1136823
            ],
            [
              118.9291007,
              32.1136817
            ],
            [
              118.9291007,
              32.1135631
            ],
            [
              118.9289807,
              32.1135623
            ],
            [
              118.9289807,
              32.113514
            ],
            [
              118.928822,
              32.1135146
            ],
            [
              118.9287804,
              32.1135148
            ],
            [
              118.9286825,
              32.1135159
            ],
            [
              118.9286832,
              32.1135648
            ],
            [
              118.9285722,
              32.113566
            ],
            [
              118.9285709,
              32.113685
            ]
          ]
        ]
      }
    },
    {
      "type": "Feature",
      "id": "osm:way:223859816",
      "properties": {
        "featureType": "BUILDING",
        "campusCode": "NJUPT_XIANLIN",
        "externalId": "osm:way:223859816",
        "name": "14",
        "dataSource": "OPENSTREETMAP",
        "verificationStatus": "SOURCE_VERIFIED",
        "sourceId": "osm-xianlin-2026-08-22",
        "sourceUpdatedAt": null,
        "osmType": "way",
        "osmId": 223859816,
        "aliases": [
          "14号楼",
          "14号宿舍"
        ],
        "category": "DORMITORY",
        "minHeight": 0,
        "color": "#D8DDE1",
        "height": 19.8,
        "heightSource": "ESTIMATED_FROM_LEVELS",
        "officialName": null,
        "displayName": "14号楼",
        "labelVisible": true,
        "dormitoryCandidate": {
          "number": "14",
          "displayName": "14号楼",
          "confidence": "HIGH",
          "evidence": "OSM source name begins with the explicit number 14; no spatial-order inference used"
        }
      },
      "geometry": {
        "type": "Polygon",
        "coordinates": [
          [
            [
              118.9285802,
              32.1140174
            ],
            [
              118.9287183,
              32.1140163
            ],
            [
              118.9287182,
              32.1139865
            ],
            [
              118.9289068,
              32.113984
            ],
            [
              118.9289068,
              32.114034
            ],
            [
              118.9290499,
              32.1140324
            ],
            [
              118.9290516,
              32.1140067
            ],
            [
              118.9291507,
              32.1140065
            ],
            [
              118.9291495,
              32.1139213
            ],
            [
              118.9291025,
              32.1139219
            ],
            [
              118.9290462,
              32.1139227
            ],
            [
              118.9290462,
              32.1138954
            ],
            [
              118.9287163,
              32.1139
            ],
            [
              118.9287163,
              32.1139386
            ],
            [
              118.9285769,
              32.1139409
            ],
            [
              118.9285802,
              32.1140174
            ]
          ]
        ]
      }
    },
    {
      "type": "Feature",
      "id": "osm:way:223859832",
      "properties": {
        "featureType": "BUILDING",
        "campusCode": "NJUPT_XIANLIN",
        "externalId": "osm:way:223859832",
        "name": "2",
        "dataSource": "OPENSTREETMAP",
        "verificationStatus": "SOURCE_VERIFIED",
        "sourceId": "osm-xianlin-2026-08-22",
        "sourceUpdatedAt": null,
        "osmType": "way",
        "osmId": 223859832,
        "aliases": [
          "2号楼",
          "2号宿舍"
        ],
        "category": "DORMITORY",
        "minHeight": 0,
        "color": "#D8DDE1",
        "height": 19.8,
        "heightSource": "ESTIMATED_FROM_LEVELS",
        "officialName": null,
        "displayName": "2号楼",
        "labelVisible": true,
        "dormitoryCandidate": {
          "number": "2",
          "displayName": "2号楼",
          "confidence": "HIGH",
          "evidence": "OSM source name begins with the explicit number 2; no spatial-order inference used"
        }
      },
      "geometry": {
        "type": "Polygon",
        "coordinates": [
          [
            [
              118.9287439,
              32.1115248
            ],
            [
              118.9287455,
              32.1114153
            ],
            [
              118.928972,
              32.1114177
            ],
            [
              118.9289714,
              32.1114616
            ],
            [
              118.929092,
              32.1114628
            ],
            [
              118.9290906,
              32.1115613
            ],
            [
              118.9290345,
              32.1115607
            ],
            [
              118.9288247,
              32.1115599
            ],
            [
              118.9288249,
              32.1115251
            ],
            [
              118.9287439,
              32.1115248
            ]
          ]
        ]
      }
    },
    {
      "type": "Feature",
      "id": "osm:way:223859840",
      "properties": {
        "featureType": "BUILDING",
        "campusCode": "NJUPT_XIANLIN",
        "externalId": "osm:way:223859840",
        "name": "18",
        "dataSource": "OPENSTREETMAP",
        "verificationStatus": "SOURCE_VERIFIED",
        "sourceId": "osm-xianlin-2026-08-22",
        "sourceUpdatedAt": null,
        "osmType": "way",
        "osmId": 223859840,
        "aliases": [
          "18号楼",
          "18号宿舍"
        ],
        "category": "DORMITORY",
        "minHeight": 0,
        "color": "#D8DDE1",
        "height": 19.8,
        "heightSource": "ESTIMATED_FROM_LEVELS",
        "officialName": null,
        "displayName": "18号楼",
        "labelVisible": true,
        "dormitoryCandidate": {
          "number": "18",
          "displayName": "18号楼",
          "confidence": "HIGH",
          "evidence": "OSM source name begins with the explicit number 18; no spatial-order inference used"
        }
      },
      "geometry": {
        "type": "Polygon",
        "coordinates": [
          [
            [
              118.9282118,
              32.1150381
            ],
            [
              118.928323,
              32.115037
            ],
            [
              118.9283234,
              32.1150684
            ],
            [
              118.9285067,
              32.1150667
            ],
            [
              118.9285062,
              32.1150252
            ],
            [
              118.928761,
              32.1150228
            ],
            [
              118.9287596,
              32.1149168
            ],
            [
              118.928356,
              32.1149207
            ],
            [
              118.9283565,
              32.1149599
            ],
            [
              118.9282107,
              32.1149613
            ],
            [
              118.9282118,
              32.1150381
            ]
          ]
        ]
      }
    },
    {
      "type": "Feature",
      "id": "osm:way:223859846",
      "properties": {
        "featureType": "BUILDING",
        "campusCode": "NJUPT_XIANLIN",
        "externalId": "osm:way:223859846",
        "name": "21 国防生楼",
        "dataSource": "OPENSTREETMAP",
        "verificationStatus": "SOURCE_VERIFIED",
        "sourceId": "osm-xianlin-2026-08-22",
        "sourceUpdatedAt": null,
        "osmType": "way",
        "osmId": 223859846,
        "aliases": [
          "21号楼",
          "21号宿舍"
        ],
        "category": "DORMITORY",
        "minHeight": 0,
        "color": "#D8DDE1",
        "height": 19.8,
        "heightSource": "ESTIMATED_FROM_LEVELS",
        "officialName": null,
        "displayName": "21号楼",
        "labelVisible": true,
        "dormitoryCandidate": {
          "number": "21",
          "displayName": "21号楼",
          "confidence": "HIGH",
          "evidence": "OSM source name begins with the explicit number 21; no spatial-order inference used"
        }
      },
      "geometry": {
        "type": "Polygon",
        "coordinates": [
          [
            [
              118.9284296,
              32.1156246
            ],
            [
              118.9286259,
              32.1156227
            ],
            [
              118.9286259,
              32.1155987
            ],
            [
              118.9289609,
              32.1155956
            ],
            [
              118.9289921,
              32.1155956
            ],
            [
              118.9293895,
              32.115595
            ],
            [
              118.9293889,
              32.1156197
            ],
            [
              118.9295691,
              32.1156203
            ],
            [
              118.9295691,
              32.1155265
            ],
            [
              118.929462,
              32.1155276
            ],
            [
              118.929462,
              32.1154949
            ],
            [
              118.9285812,
              32.1154977
            ],
            [
              118.9285803,
              32.115534
            ],
            [
              118.9284296,
              32.1155359
            ],
            [
              118.9284296,
              32.1156246
            ]
          ]
        ]
      }
    },
    {
      "type": "Feature",
      "id": "osm:way:225092103",
      "properties": {
        "featureType": "BUILDING",
        "campusCode": "NJUPT_XIANLIN",
        "externalId": "osm:way:225092103",
        "name": "热水房",
        "dataSource": "OPENSTREETMAP",
        "verificationStatus": "SOURCE_VERIFIED",
        "sourceId": "osm-xianlin-2026-08-22",
        "sourceUpdatedAt": null,
        "osmType": "way",
        "osmId": 225092103,
        "aliases": [],
        "category": "OTHER",
        "minHeight": 0,
        "color": "#D8DDE1",
        "heightSource": "UNKNOWN",
        "officialName": null,
        "displayName": "热水房",
        "labelVisible": true
      },
      "geometry": {
        "type": "Polygon",
        "coordinates": [
          [
            [
              118.9284075,
              32.1154829
            ],
            [
              118.9285606,
              32.1154832
            ],
            [
              118.9285608,
              32.1153803
            ],
            [
              118.9284077,
              32.11538
            ],
            [
              118.9284075,
              32.1154829
            ]
          ]
        ]
      }
    },
    {
      "type": "Feature",
      "id": "osm:way:1390009973",
      "properties": {
        "featureType": "BUILDING",
        "campusCode": "NJUPT_XIANLIN",
        "externalId": "osm:way:1390009973",
        "name": "南邮仙林一食堂",
        "dataSource": "OPENSTREETMAP",
        "verificationStatus": "SOURCE_VERIFIED",
        "sourceId": "osm-xianlin-2026-08-22",
        "sourceUpdatedAt": null,
        "osmType": "way",
        "osmId": 1390009973,
        "aliases": [
          "一食堂",
          "仙林一食堂"
        ],
        "category": "DINING",
        "minHeight": 0,
        "color": "#D8DDE1",
        "height": 9.9,
        "heightSource": "ESTIMATED_FROM_LEVELS",
        "officialName": "仙林一食堂",
        "displayName": "一食堂",
        "poiGroupId": "xianlin-canteen-1",
        "labelVisible": false,
        "source": "NJUPT_OFFICIAL",
        "sourceUrl": "https://hqc.njupt.edu.cn/_t311/2014/0905/c5002a66692/page.htm",
        "reviewStatus": "SOURCE_MATCHED",
        "reviewedAt": "2026-08-22",
        "notes": "Secondary polygon in connected canteen complex; duplicate label suppressed."
      },
      "geometry": {
        "type": "Polygon",
        "coordinates": [
          [
            [
              118.9284208,
              32.1105686
            ],
            [
              118.9287266,
              32.1105686
            ],
            [
              118.9287266,
              32.1104402
            ],
            [
              118.9287588,
              32.1104402
            ],
            [
              118.9287588,
              32.1102562
            ],
            [
              118.9286401,
              32.1102562
            ],
            [
              118.9286401,
              32.1102784
            ],
            [
              118.9286331,
              32.1102784
            ],
            [
              118.9286331,
              32.110284
            ],
            [
              118.9286113,
              32.110284
            ],
            [
              118.9286113,
              32.1102378
            ],
            [
              118.9285751,
              32.1102378
            ],
            [
              118.9285751,
              32.1103139
            ],
            [
              118.9285311,
              32.1103139
            ],
            [
              118.9285311,
              32.1102784
            ],
            [
              118.9285225,
              32.1102711
            ],
            [
              118.9285108,
              32.1102684
            ],
            [
              118.9284982,
              32.1102711
            ],
            [
              118.9284892,
              32.110279
            ],
            [
              118.9284895,
              32.1103142
            ],
            [
              118.9284614,
              32.1103206
            ],
            [
              118.9284083,
              32.1103187
            ],
            [
              118.9283051,
              32.1105691
            ],
            [
              118.9283833,
              32.1105691
            ],
            [
              118.9284208,
              32.1105686
            ]
          ]
        ]
      }
    },
    {
      "type": "Feature",
      "id": "osm:way:1390009975",
      "properties": {
        "featureType": "BUILDING",
        "campusCode": "NJUPT_XIANLIN",
        "externalId": "osm:way:1390009975",
        "name": "南邮仙林一食堂",
        "dataSource": "OPENSTREETMAP",
        "verificationStatus": "SOURCE_VERIFIED",
        "sourceId": "osm-xianlin-2026-08-22",
        "sourceUpdatedAt": null,
        "osmType": "way",
        "osmId": 1390009975,
        "aliases": [
          "一食堂",
          "仙林一食堂"
        ],
        "category": "DINING",
        "minHeight": 0,
        "color": "#D8DDE1",
        "height": 9.9,
        "heightSource": "ESTIMATED_FROM_LEVELS",
        "officialName": "仙林一食堂",
        "displayName": "一食堂",
        "poiGroupId": "xianlin-canteen-1",
        "labelVisible": false,
        "source": "NJUPT_OFFICIAL",
        "sourceUrl": "https://hqc.njupt.edu.cn/_t311/2014/0905/c5002a66692/page.htm",
        "reviewStatus": "SOURCE_MATCHED",
        "reviewedAt": "2026-08-22",
        "notes": "Secondary polygon in connected canteen complex; duplicate label suppressed."
      },
      "geometry": {
        "type": "Polygon",
        "coordinates": [
          [
            [
              118.9287497,
              32.1109405
            ],
            [
              118.928729,
              32.1109401
            ],
            [
              118.92873,
              32.1109824
            ],
            [
              118.9285472,
              32.1109818
            ],
            [
              118.9285472,
              32.1109954
            ],
            [
              118.9284882,
              32.1109954
            ],
            [
              118.9284886,
              32.1109366
            ],
            [
              118.9284938,
              32.1109367
            ],
            [
              118.9284936,
              32.1109095
            ],
            [
              118.9284207,
              32.110909
            ],
            [
              118.9284215,
              32.1108662
            ],
            [
              118.9283868,
              32.1108439
            ],
            [
              118.9283584,
              32.1108159
            ],
            [
              118.9283376,
              32.1107834
            ],
            [
              118.9283254,
              32.110748
            ],
            [
              118.9283223,
              32.1107112
            ],
            [
              118.9283277,
              32.1106771
            ],
            [
              118.9283409,
              32.1106446
            ],
            [
              118.9283614,
              32.1106149
            ],
            [
              118.9283884,
              32.1105893
            ],
            [
              118.9284208,
              32.1105686
            ],
            [
              118.9287266,
              32.1105686
            ],
            [
              118.9287504,
              32.1105686
            ],
            [
              118.9287504,
              32.1106484
            ],
            [
              118.9287363,
              32.1106484
            ],
            [
              118.9287606,
              32.11067
            ],
            [
              118.9287788,
              32.1106954
            ],
            [
              118.9287903,
              32.1107236
            ],
            [
              118.9287943,
              32.1107532
            ],
            [
              118.9287907,
              32.1107837
            ],
            [
              118.9287792,
              32.1108128
            ],
            [
              118.9287604,
              32.110839
            ],
            [
              118.9287353,
              32.1108611
            ],
            [
              118.9287504,
              32.1108611
            ],
            [
              118.9287497,
              32.1109405
            ]
          ]
        ]
      }
    },
    {
      "type": "Feature",
      "id": "osm:way:225265337",
      "properties": {
        "featureType": "BUILDING",
        "campusCode": "NJUPT_XIANLIN",
        "externalId": "osm:way:225265337",
        "name": "青教公寓",
        "dataSource": "OPENSTREETMAP",
        "verificationStatus": "SOURCE_VERIFIED",
        "sourceId": "osm-xianlin-2026-08-22",
        "sourceUpdatedAt": null,
        "osmType": "way",
        "osmId": 225265337,
        "aliases": [],
        "category": "DORMITORY",
        "minHeight": 0,
        "color": "#D8DDE1",
        "heightSource": "UNKNOWN",
        "officialName": null,
        "displayName": "青教公寓",
        "labelVisible": false,
        "dormitoryCandidate": {
          "number": "",
          "displayName": "青教公寓",
          "confidence": "UNKNOWN",
          "evidence": "Dormitory category is source-backed, but the source name contains no numeric identifier"
        }
      },
      "geometry": {
        "type": "Polygon",
        "coordinates": [
          [
            [
              118.9207211,
              32.1192938
            ],
            [
              118.9207816,
              32.119207
            ],
            [
              118.921192,
              32.1194123
            ],
            [
              118.9211315,
              32.1194991
            ],
            [
              118.9207211,
              32.1192938
            ]
          ]
        ]
      }
    },
    {
      "type": "Feature",
      "id": "osm:way:223859802",
      "properties": {
        "featureType": "BUILDING",
        "campusCode": "NJUPT_XIANLIN",
        "externalId": "osm:way:223859802",
        "name": "看台",
        "dataSource": "OPENSTREETMAP",
        "verificationStatus": "SOURCE_VERIFIED",
        "sourceId": "osm-xianlin-2026-08-22",
        "sourceUpdatedAt": null,
        "osmType": "way",
        "osmId": 223859802,
        "aliases": [],
        "category": "OTHER",
        "minHeight": 0,
        "color": "#D8DDE1",
        "height": 9.9,
        "heightSource": "ESTIMATED_FROM_LEVELS",
        "officialName": null,
        "displayName": "看台",
        "labelVisible": true
      },
      "geometry": {
        "type": "Polygon",
        "coordinates": [
          [
            [
              118.9245498,
              32.1216562
            ],
            [
              118.9251042,
              32.1208618
            ],
            [
              118.9251943,
              32.1209043
            ],
            [
              118.9251881,
              32.1210974
            ],
            [
              118.9251345,
              32.1212927
            ],
            [
              118.9250594,
              32.1214245
            ],
            [
              118.9249414,
              32.1215562
            ],
            [
              118.9248073,
              32.1216562
            ],
            [
              118.9246839,
              32.1217334
            ],
            [
              118.9245498,
              32.1216562
            ]
          ]
        ]
      }
    },
    {
      "type": "Feature",
      "id": "osm:way:223859827",
      "properties": {
        "featureType": "BUILDING",
        "campusCode": "NJUPT_XIANLIN",
        "externalId": "osm:way:223859827",
        "name": "主席台",
        "dataSource": "OPENSTREETMAP",
        "verificationStatus": "SOURCE_VERIFIED",
        "sourceId": "osm-xianlin-2026-08-22",
        "sourceUpdatedAt": null,
        "osmType": "way",
        "osmId": 223859827,
        "aliases": [],
        "category": "OTHER",
        "minHeight": 0,
        "color": "#D8DDE1",
        "height": 9.9,
        "heightSource": "ESTIMATED_FROM_LEVELS",
        "officialName": null,
        "displayName": "主席台",
        "labelVisible": false
      },
      "geometry": {
        "type": "Polygon",
        "coordinates": [
          [
            [
              118.9233573,
              32.1211946
            ],
            [
              118.9234757,
              32.1212226
            ],
            [
              118.9236164,
              32.1210092
            ],
            [
              118.9236968,
              32.120952
            ],
            [
              118.9237719,
              32.1208793
            ],
            [
              118.9238309,
              32.1207975
            ],
            [
              118.9238792,
              32.120693
            ],
            [
              118.9239007,
              32.1205931
            ],
            [
              118.9240827,
              32.1203368
            ],
            [
              118.9239759,
              32.1202531
            ],
            [
              118.923709,
              32.120444
            ],
            [
              118.9235765,
              32.1205762
            ],
            [
              118.9234065,
              32.1204557
            ],
            [
              118.9232839,
              32.1206231
            ],
            [
              118.9234796,
              32.1207136
            ],
            [
              118.9234401,
              32.1207805
            ],
            [
              118.9233926,
              32.1209731
            ],
            [
              118.9233573,
              32.1211946
            ]
          ]
        ]
      }
    },
    {
      "type": "Feature",
      "id": "osm:way:223944205",
      "properties": {
        "featureType": "BUILDING",
        "campusCode": "NJUPT_XIANLIN",
        "externalId": "osm:way:223944205",
        "name": "青春剧场",
        "dataSource": "OPENSTREETMAP",
        "verificationStatus": "SOURCE_VERIFIED",
        "sourceId": "osm-xianlin-2026-08-22",
        "sourceUpdatedAt": null,
        "osmType": "way",
        "osmId": 223944205,
        "aliases": [
          "青春剧场"
        ],
        "category": "OTHER",
        "minHeight": 0,
        "color": "#D8DDE1",
        "heightSource": "UNKNOWN",
        "officialName": "青春剧场",
        "displayName": "青春剧场",
        "source": "NJUPT_OFFICIAL",
        "sourceUrl": "https://www.njupt.edu.cn/2026/0420/c17121a300358/page.htm",
        "reviewStatus": "SOURCE_MATCHED",
        "reviewedAt": "2026-08-22",
        "notes": "Official source confirms the venue name.",
        "labelVisible": true
      },
      "geometry": {
        "type": "Polygon",
        "coordinates": [
          [
            [
              118.9257887,
              32.1193052
            ],
            [
              118.9258411,
              32.1193316
            ],
            [
              118.9259116,
              32.1193672
            ],
            [
              118.9259715,
              32.119396
            ],
            [
              118.9261273,
              32.1194756
            ],
            [
              118.9261836,
              32.1195043
            ],
            [
              118.9263644,
              32.1192471
            ],
            [
              118.9264184,
              32.1192745
            ],
            [
              118.926619,
              32.1193761
            ],
            [
              118.9266966,
              32.1192607
            ],
            [
              118.9266225,
              32.1192222
            ],
            [
              118.9264867,
              32.1191538
            ],
            [
              118.9261294,
              32.1189736
            ],
            [
              118.9260902,
              32.1189539
            ],
            [
              118.9260246,
              32.1189208
            ],
            [
              118.9259826,
              32.1189806
            ],
            [
              118.9259415,
              32.1190391
            ],
            [
              118.9259668,
              32.1190518
            ],
            [
              118.9258702,
              32.1191892
            ],
            [
              118.92586,
              32.1192038
            ],
            [
              118.9257887,
              32.1193052
            ]
          ]
        ]
      }
    },
    {
      "type": "Feature",
      "id": "osm:way:223944209",
      "properties": {
        "featureType": "BUILDING",
        "campusCode": "NJUPT_XIANLIN",
        "externalId": "osm:way:223944209",
        "name": "大学生活动中心",
        "dataSource": "OPENSTREETMAP",
        "verificationStatus": "SOURCE_VERIFIED",
        "sourceId": "osm-xianlin-2026-08-22",
        "sourceUpdatedAt": null,
        "osmType": "way",
        "osmId": 223944209,
        "aliases": [
          "大学生活动中心"
        ],
        "category": "OTHER",
        "minHeight": 0,
        "color": "#D8DDE1",
        "heightSource": "UNKNOWN",
        "officialName": "大学生活动中心",
        "displayName": "大学生活动中心",
        "source": "NJUPT_OFFICIAL",
        "sourceUrl": "https://www.njupt.edu.cn/2026/0420/c17121a300358/page.htm",
        "reviewStatus": "SOURCE_MATCHED",
        "reviewedAt": "2026-08-22",
        "notes": "Official source confirms the public place name.",
        "labelVisible": true
      },
      "geometry": {
        "type": "Polygon",
        "coordinates": [
          [
            [
              118.9261062,
              32.1187892
            ],
            [
              118.9261801,
              32.118825
            ],
            [
              118.9260902,
              32.1189539
            ],
            [
              118.9261294,
              32.1189736
            ],
            [
              118.926244,
              32.118807
            ],
            [
              118.9266027,
              32.1189851
            ],
            [
              118.9264867,
              32.1191538
            ],
            [
              118.9266225,
              32.1192222
            ],
            [
              118.9267108,
              32.1190923
            ],
            [
              118.9267767,
              32.1191258
            ],
            [
              118.9268605,
              32.1190047
            ],
            [
              118.9267364,
              32.1189431
            ],
            [
              118.9268216,
              32.11882
            ],
            [
              118.9265253,
              32.1186729
            ],
            [
              118.9264465,
              32.1187869
            ],
            [
              118.9261944,
              32.1186618
            ],
            [
              118.9261062,
              32.1187892
            ]
          ]
        ]
      }
    },
    {
      "type": "Feature",
      "id": "osm:way:225109136",
      "properties": {
        "featureType": "BUILDING",
        "campusCode": "NJUPT_XIANLIN",
        "externalId": "osm:way:225109136",
        "name": "门卫",
        "dataSource": "OPENSTREETMAP",
        "verificationStatus": "SOURCE_VERIFIED",
        "sourceId": "osm-xianlin-2026-08-22",
        "sourceUpdatedAt": null,
        "osmType": "way",
        "osmId": 225109136,
        "aliases": [],
        "category": "OTHER",
        "minHeight": 0,
        "color": "#D8DDE1",
        "heightSource": "UNKNOWN",
        "officialName": null,
        "displayName": "门卫",
        "labelVisible": false
      },
      "geometry": {
        "type": "Polygon",
        "coordinates": [
          [
            [
              118.9223068,
              32.1211973
            ],
            [
              118.9223515,
              32.1211314
            ],
            [
              118.9224141,
              32.1211619
            ],
            [
              118.9223694,
              32.1212277
            ],
            [
              118.9223068,
              32.1211973
            ]
          ]
        ]
      }
    },
    {
      "type": "Feature",
      "id": "osm:way:225253706",
      "properties": {
        "featureType": "BUILDING",
        "campusCode": "NJUPT_XIANLIN",
        "externalId": "osm:way:225253706",
        "name": "46",
        "dataSource": "OPENSTREETMAP",
        "verificationStatus": "SOURCE_VERIFIED",
        "sourceId": "osm-xianlin-2026-08-22",
        "sourceUpdatedAt": null,
        "osmType": "way",
        "osmId": 225253706,
        "aliases": [
          "46号楼",
          "46号宿舍"
        ],
        "category": "DORMITORY",
        "minHeight": 0,
        "color": "#D8DDE1",
        "height": 19.8,
        "heightSource": "ESTIMATED_FROM_LEVELS",
        "officialName": null,
        "displayName": "46号楼",
        "labelVisible": true,
        "dormitoryCandidate": {
          "number": "46",
          "displayName": "46号楼",
          "confidence": "HIGH",
          "evidence": "OSM source name begins with the explicit number 46; no spatial-order inference used"
        }
      },
      "geometry": {
        "type": "Polygon",
        "coordinates": [
          [
            [
              118.9268835,
              32.1201109
            ],
            [
              118.9269492,
              32.1200145
            ],
            [
              118.927377,
              32.1202237
            ],
            [
              118.927474,
              32.1202711
            ],
            [
              118.9279652,
              32.1205114
            ],
            [
              118.9279004,
              32.1206065
            ],
            [
              118.9278369,
              32.1205753
            ],
            [
              118.9278123,
              32.1206113
            ],
            [
              118.927742,
              32.1205769
            ],
            [
              118.9277666,
              32.1205408
            ],
            [
              118.9270967,
              32.1202133
            ],
            [
              118.9270724,
              32.1202488
            ],
            [
              118.9269836,
              32.1202054
            ],
            [
              118.9270069,
              32.1201712
            ],
            [
              118.9268835,
              32.1201109
            ]
          ]
        ]
      }
    },
    {
      "type": "Feature",
      "id": "osm:way:225253707",
      "properties": {
        "featureType": "BUILDING",
        "campusCode": "NJUPT_XIANLIN",
        "externalId": "osm:way:225253707",
        "name": "47",
        "dataSource": "OPENSTREETMAP",
        "verificationStatus": "SOURCE_VERIFIED",
        "sourceId": "osm-xianlin-2026-08-22",
        "sourceUpdatedAt": null,
        "osmType": "way",
        "osmId": 225253707,
        "aliases": [
          "47号楼",
          "47号宿舍"
        ],
        "category": "DORMITORY",
        "minHeight": 0,
        "color": "#D8DDE1",
        "height": 19.8,
        "heightSource": "ESTIMATED_FROM_LEVELS",
        "officialName": null,
        "displayName": "47号楼",
        "labelVisible": true,
        "dormitoryCandidate": {
          "number": "47",
          "displayName": "47号楼",
          "confidence": "HIGH",
          "evidence": "OSM source name begins with the explicit number 47; no spatial-order inference used"
        }
      },
      "geometry": {
        "type": "Polygon",
        "coordinates": [
          [
            [
              118.9267865,
              32.1202472
            ],
            [
              118.9268143,
              32.120261
            ],
            [
              118.9268478,
              32.1202124
            ],
            [
              118.9269295,
              32.1202528
            ],
            [
              118.9268984,
              32.1202978
            ],
            [
              118.9277411,
              32.1207145
            ],
            [
              118.9278123,
              32.1206113
            ],
            [
              118.9278369,
              32.1205753
            ],
            [
              118.9279004,
              32.1206065
            ],
            [
              118.9279519,
              32.120632
            ],
            [
              118.9279208,
              32.120677
            ],
            [
              118.9278834,
              32.1207312
            ],
            [
              118.9278548,
              32.1207726
            ],
            [
              118.9278132,
              32.120752
            ],
            [
              118.9277527,
              32.1208395
            ],
            [
              118.9267282,
              32.1203317
            ],
            [
              118.9267865,
              32.1202472
            ]
          ]
        ]
      }
    },
    {
      "type": "Feature",
      "id": "osm:way:225253711",
      "properties": {
        "featureType": "BUILDING",
        "campusCode": "NJUPT_XIANLIN",
        "externalId": "osm:way:225253711",
        "name": "48",
        "dataSource": "OPENSTREETMAP",
        "verificationStatus": "SOURCE_VERIFIED",
        "sourceId": "osm-xianlin-2026-08-22",
        "sourceUpdatedAt": null,
        "osmType": "way",
        "osmId": 225253711,
        "aliases": [
          "48号楼",
          "48号宿舍"
        ],
        "category": "DORMITORY",
        "minHeight": 0,
        "color": "#D8DDE1",
        "height": 19.8,
        "heightSource": "ESTIMATED_FROM_LEVELS",
        "officialName": null,
        "displayName": "48号楼",
        "labelVisible": true,
        "dormitoryCandidate": {
          "number": "48",
          "displayName": "48号楼",
          "confidence": "HIGH",
          "evidence": "OSM source name begins with the explicit number 48; no spatial-order inference used"
        }
      },
      "geometry": {
        "type": "Polygon",
        "coordinates": [
          [
            [
              118.9264671,
              32.120549
            ],
            [
              118.9265266,
              32.1204616
            ],
            [
              118.9270153,
              32.1207011
            ],
            [
              118.9271057,
              32.1207454
            ],
            [
              118.9276118,
              32.1209935
            ],
            [
              118.9275546,
              32.1210774
            ],
            [
              118.9274892,
              32.121045
            ],
            [
              118.9274635,
              32.1210822
            ],
            [
              118.9273768,
              32.1210399
            ],
            [
              118.9273997,
              32.1210062
            ],
            [
              118.9266631,
              32.1206472
            ],
            [
              118.9266426,
              32.1206773
            ],
            [
              118.9265653,
              32.1206397
            ],
            [
              118.9265872,
              32.1206075
            ],
            [
              118.9264671,
              32.120549
            ]
          ]
        ]
      }
    },
    {
      "type": "Feature",
      "id": "osm:way:225253712",
      "properties": {
        "featureType": "BUILDING",
        "campusCode": "NJUPT_XIANLIN",
        "externalId": "osm:way:225253712",
        "name": "49",
        "dataSource": "OPENSTREETMAP",
        "verificationStatus": "SOURCE_VERIFIED",
        "sourceId": "osm-xianlin-2026-08-22",
        "sourceUpdatedAt": null,
        "osmType": "way",
        "osmId": 225253712,
        "aliases": [
          "49号楼",
          "49号宿舍"
        ],
        "category": "DORMITORY",
        "minHeight": 0,
        "color": "#D8DDE1",
        "height": 19.8,
        "heightSource": "ESTIMATED_FROM_LEVELS",
        "officialName": null,
        "displayName": "49号楼",
        "labelVisible": true,
        "dormitoryCandidate": {
          "number": "49",
          "displayName": "49号楼",
          "confidence": "HIGH",
          "evidence": "OSM source name begins with the explicit number 49; no spatial-order inference used"
        }
      },
      "geometry": {
        "type": "Polygon",
        "coordinates": [
          [
            [
              118.9263143,
              32.1207796
            ],
            [
              118.9263763,
              32.1206882
            ],
            [
              118.9273947,
              32.1211837
            ],
            [
              118.9274635,
              32.1210822
            ],
            [
              118.9274892,
              32.121045
            ],
            [
              118.9275546,
              32.1210774
            ],
            [
              118.9275998,
              32.1210995
            ],
            [
              118.9275636,
              32.1211524
            ],
            [
              118.9275291,
              32.1212028
            ],
            [
              118.9274965,
              32.1212504
            ],
            [
              118.927458,
              32.1212315
            ],
            [
              118.9274019,
              32.1213135
            ],
            [
              118.9263143,
              32.1207796
            ]
          ]
        ]
      }
    },
    {
      "type": "Feature",
      "id": "osm:way:1173057052",
      "properties": {
        "featureType": "BUILDING",
        "campusCode": "NJUPT_XIANLIN",
        "externalId": "osm:way:1173057052",
        "name": "地理与生物信息学院",
        "dataSource": "OPENSTREETMAP",
        "verificationStatus": "SOURCE_VERIFIED",
        "sourceId": "osm-xianlin-2026-08-22",
        "sourceUpdatedAt": null,
        "osmType": "way",
        "osmId": 1173057052,
        "aliases": [],
        "category": "TEACHING",
        "minHeight": 0,
        "color": "#D8DDE1",
        "height": 19.8,
        "heightSource": "ESTIMATED_FROM_LEVELS",
        "officialName": null,
        "displayName": "地理与生物信息学院",
        "labelVisible": false
      },
      "geometry": {
        "type": "Polygon",
        "coordinates": [
          [
            [
              118.923934,
              32.1160093
            ],
            [
              118.9243193,
              32.1161854
            ],
            [
              118.9242198,
              32.1163367
            ],
            [
              118.923837,
              32.1161627
            ],
            [
              118.923934,
              32.1160093
            ]
          ]
        ]
      }
    },
    {
      "type": "Feature",
      "id": "osm:way:1173057053",
      "properties": {
        "featureType": "BUILDING",
        "campusCode": "NJUPT_XIANLIN",
        "externalId": "osm:way:1173057053",
        "name": "集成电路科学与工程学院",
        "dataSource": "OPENSTREETMAP",
        "verificationStatus": "SOURCE_VERIFIED",
        "sourceId": "osm-xianlin-2026-08-22",
        "sourceUpdatedAt": null,
        "osmType": "way",
        "osmId": 1173057053,
        "aliases": [],
        "category": "TEACHING",
        "minHeight": 0,
        "color": "#D8DDE1",
        "height": 19.8,
        "heightSource": "ESTIMATED_FROM_LEVELS",
        "officialName": null,
        "displayName": "集成电路科学与工程学院",
        "labelVisible": false
      },
      "geometry": {
        "type": "Polygon",
        "coordinates": [
          [
            [
              118.9226218,
              32.1161276
            ],
            [
              118.9227264,
              32.1159763
            ],
            [
              118.9234013,
              32.1162962
            ],
            [
              118.9232942,
              32.1164561
            ],
            [
              118.9226218,
              32.1161276
            ]
          ]
        ]
      }
    },
    {
      "type": "Feature",
      "id": "osm:way:1173057054",
      "properties": {
        "featureType": "BUILDING",
        "campusCode": "NJUPT_XIANLIN",
        "externalId": "osm:way:1173057054",
        "name": "工程实验教学部",
        "dataSource": "OPENSTREETMAP",
        "verificationStatus": "SOURCE_VERIFIED",
        "sourceId": "osm-xianlin-2026-08-22",
        "sourceUpdatedAt": null,
        "osmType": "way",
        "osmId": 1173057054,
        "aliases": [],
        "category": "TEACHING",
        "minHeight": 0,
        "color": "#D8DDE1",
        "height": 19.8,
        "heightSource": "ESTIMATED_FROM_LEVELS",
        "officialName": null,
        "displayName": "工程实验教学部",
        "labelVisible": false
      },
      "geometry": {
        "type": "Polygon",
        "coordinates": [
          [
            [
              118.9236437,
              32.1164178
            ],
            [
              118.9241426,
              32.1166458
            ],
            [
              118.924075,
              32.1167463
            ],
            [
              118.9240061,
              32.1167149
            ],
            [
              118.9239704,
              32.1167646
            ],
            [
              118.9235468,
              32.1165712
            ],
            [
              118.9236437,
              32.1164178
            ]
          ]
        ]
      }
    },
    {
      "type": "Feature",
      "id": "osm:way:1173057055",
      "properties": {
        "featureType": "BUILDING",
        "campusCode": "NJUPT_XIANLIN",
        "externalId": "osm:way:1173057055",
        "name": "计算机学院、软件学院、网络空间安全学院",
        "dataSource": "OPENSTREETMAP",
        "verificationStatus": "SOURCE_VERIFIED",
        "sourceId": "osm-xianlin-2026-08-22",
        "sourceUpdatedAt": null,
        "osmType": "way",
        "osmId": 1173057055,
        "aliases": [],
        "category": "TEACHING",
        "minHeight": 0,
        "color": "#D8DDE1",
        "height": 19.8,
        "heightSource": "ESTIMATED_FROM_LEVELS",
        "officialName": null,
        "displayName": "计算机学院、软件学院、网络空间安全学院",
        "labelVisible": false
      },
      "geometry": {
        "type": "Polygon",
        "coordinates": [
          [
            [
              118.9227634,
              32.1167657
            ],
            [
              118.9231328,
              32.1169424
            ],
            [
              118.9231678,
              32.1169591
            ],
            [
              118.9231908,
              32.1169527
            ],
            [
              118.9232431,
              32.1170715
            ],
            [
              118.9230339,
              32.1171374
            ],
            [
              118.9231002,
              32.117279
            ],
            [
              118.9233069,
              32.1172153
            ],
            [
              118.9233669,
              32.1173503
            ],
            [
              118.9231606,
              32.1176727
            ],
            [
              118.9231193,
              32.1177372
            ],
            [
              118.923312,
              32.1178258
            ],
            [
              118.9235991,
              32.1173968
            ],
            [
              118.923363,
              32.1168414
            ],
            [
              118.9228693,
              32.1166004
            ],
            [
              118.9227634,
              32.1167657
            ]
          ]
        ]
      }
    },
    {
      "type": "Feature",
      "id": "osm:way:1173057056",
      "properties": {
        "featureType": "BUILDING",
        "campusCode": "NJUPT_XIANLIN",
        "externalId": "osm:way:1173057056",
        "name": "南京邮电大学-文科楼",
        "dataSource": "OPENSTREETMAP",
        "verificationStatus": "SOURCE_VERIFIED",
        "sourceId": "osm-xianlin-2026-08-22",
        "sourceUpdatedAt": null,
        "osmType": "way",
        "osmId": 1173057056,
        "aliases": [
          "文科楼"
        ],
        "category": "TEACHING",
        "minHeight": 0,
        "color": "#D8DDE1",
        "height": 19.8,
        "heightSource": "ESTIMATED_FROM_LEVELS",
        "officialName": "文科楼",
        "displayName": "文科楼",
        "source": "NJUPT_OFFICIAL",
        "sourceUrl": "https://www.njupt.edu.cn/2024/0705/c72a267415/page.htm",
        "reviewStatus": "SOURCE_MATCHED",
        "reviewedAt": "2026-08-22",
        "notes": "Official campus page uses 文科楼; the longer OSM institution prefix remains in compatible name.",
        "labelVisible": true
      },
      "geometry": {
        "type": "Polygon",
        "coordinates": [
          [
            [
              118.9245718,
              32.1174566
            ],
            [
              118.9241893,
              32.1172778
            ],
            [
              118.9241117,
              32.1173985
            ],
            [
              118.9246819,
              32.1176797
            ],
            [
              118.9245809,
              32.117828
            ],
            [
              118.9238501,
              32.1174749
            ],
            [
              118.924128,
              32.1170501
            ],
            [
              118.9246783,
              32.1173068
            ],
            [
              118.9245718,
              32.1174566
            ]
          ]
        ]
      }
    },
    {
      "type": "Feature",
      "id": "osm:way:1173059720",
      "properties": {
        "featureType": "BUILDING",
        "campusCode": "NJUPT_XIANLIN",
        "externalId": "osm:way:1173059720",
        "name": "材料科学与工程学院-新大楼",
        "dataSource": "OPENSTREETMAP",
        "verificationStatus": "SOURCE_VERIFIED",
        "sourceId": "osm-xianlin-2026-08-22",
        "sourceUpdatedAt": null,
        "osmType": "way",
        "osmId": 1173059720,
        "aliases": [],
        "category": "TEACHING",
        "minHeight": 0,
        "color": "#D8DDE1",
        "height": 19.8,
        "heightSource": "ESTIMATED_FROM_LEVELS",
        "officialName": null,
        "displayName": "材料科学与工程学院-新大楼",
        "labelVisible": false
      },
      "geometry": {
        "type": "Polygon",
        "coordinates": [
          [
            [
              118.9237405,
              32.1177509
            ],
            [
              118.9239281,
              32.1178439
            ],
            [
              118.923951,
              32.1178071
            ],
            [
              118.9244435,
              32.1180384
            ],
            [
              118.9241437,
              32.1185041
            ],
            [
              118.9239868,
              32.1184274
            ],
            [
              118.9239293,
              32.118516
            ],
            [
              118.9234866,
              32.1183064
            ],
            [
              118.9235019,
              32.1182805
            ],
            [
              118.9234496,
              32.1182578
            ],
            [
              118.9234955,
              32.1181854
            ],
            [
              118.923456,
              32.1181681
            ],
            [
              118.9237405,
              32.1177509
            ]
          ]
        ]
      }
    },
    {
      "type": "Feature",
      "id": "osm:way:1281082570",
      "properties": {
        "featureType": "BUILDING",
        "campusCode": "NJUPT_XIANLIN",
        "externalId": "osm:way:1281082570",
        "name": "新体育馆",
        "dataSource": "OPENSTREETMAP",
        "verificationStatus": "SOURCE_VERIFIED",
        "sourceId": "osm-xianlin-2026-08-22",
        "sourceUpdatedAt": null,
        "osmType": "way",
        "osmId": 1281082570,
        "aliases": [
          "新体育馆"
        ],
        "category": "SPORT",
        "minHeight": 0,
        "color": "#D8DDE1",
        "height": 13.2,
        "heightSource": "ESTIMATED_FROM_LEVELS",
        "officialName": "新体育馆",
        "displayName": "新体育馆",
        "source": "OPENSTREETMAP",
        "sourceUrl": "https://www.openstreetmap.org/way/1281082570",
        "reviewStatus": "SOURCE_ONLY",
        "reviewedAt": "2026-08-22",
        "notes": "Explicit OSM name retained; field verification remains desirable.",
        "labelVisible": true
      },
      "geometry": {
        "type": "Polygon",
        "coordinates": [
          [
            [
              118.9239158,
              32.1197587
            ],
            [
              118.9239508,
              32.119705
            ],
            [
              118.9238791,
              32.1196715
            ],
            [
              118.9239537,
              32.119557
            ],
            [
              118.923891,
              32.1195276
            ],
            [
              118.9241081,
              32.1191942
            ],
            [
              118.9241773,
              32.1192265
            ],
            [
              118.9242547,
              32.1191077
            ],
            [
              118.9252755,
              32.1195848
            ],
            [
              118.9248712,
              32.1202053
            ],
            [
              118.9239158,
              32.1197587
            ]
          ]
        ]
      }
    },
    {
      "type": "Feature",
      "id": "osm:way:223859807",
      "properties": {
        "featureType": "BUILDING",
        "campusCode": "NJUPT_XIANLIN",
        "externalId": "osm:way:223859807",
        "name": "门卫",
        "dataSource": "OPENSTREETMAP",
        "verificationStatus": "SOURCE_VERIFIED",
        "sourceId": "osm-xianlin-2026-08-22",
        "sourceUpdatedAt": null,
        "osmType": "way",
        "osmId": 223859807,
        "aliases": [],
        "category": "OTHER",
        "minHeight": 0,
        "color": "#D8DDE1",
        "heightSource": "UNKNOWN",
        "officialName": null,
        "displayName": "门卫",
        "labelVisible": false
      },
      "geometry": {
        "type": "Polygon",
        "coordinates": [
          [
            [
              118.9301089,
              32.1185323
            ],
            [
              118.9300853,
              32.118522
            ],
            [
              118.9300686,
              32.1185143
            ],
            [
              118.9298773,
              32.1184229
            ],
            [
              118.9298582,
              32.1184139
            ],
            [
              118.9298215,
              32.1183965
            ],
            [
              118.929831,
              32.1183818
            ],
            [
              118.9298482,
              32.1183554
            ],
            [
              118.929878,
              32.1183105
            ],
            [
              118.9301577,
              32.1184451
            ],
            [
              118.9301909,
              32.1183993
            ],
            [
              118.930238,
              32.1184229
            ],
            [
              118.9301937,
              32.1184833
            ],
            [
              118.9301542,
              32.1184643
            ],
            [
              118.9301089,
              32.1185323
            ]
          ]
        ]
      }
    },
    {
      "type": "Feature",
      "id": "osm:way:223859852",
      "properties": {
        "featureType": "BUILDING",
        "campusCode": "NJUPT_XIANLIN",
        "externalId": "osm:way:223859852",
        "name": "收发室",
        "dataSource": "OPENSTREETMAP",
        "verificationStatus": "SOURCE_VERIFIED",
        "sourceId": "osm-xianlin-2026-08-22",
        "sourceUpdatedAt": null,
        "osmType": "way",
        "osmId": 223859852,
        "aliases": [],
        "category": "ADMINISTRATION",
        "minHeight": 0,
        "color": "#D8DDE1",
        "heightSource": "UNKNOWN",
        "officialName": null,
        "displayName": "收发室",
        "labelVisible": true
      },
      "geometry": {
        "type": "Polygon",
        "coordinates": [
          [
            [
              118.9302209,
              32.1181059
            ],
            [
              118.9303029,
              32.1179871
            ],
            [
              118.9304921,
              32.1180806
            ],
            [
              118.9304101,
              32.1181995
            ],
            [
              118.9302209,
              32.1181059
            ]
          ]
        ]
      }
    },
    {
      "type": "Feature",
      "id": "osm:way:224940881",
      "properties": {
        "featureType": "BUILDING",
        "campusCode": "NJUPT_XIANLIN",
        "externalId": "osm:way:224940881",
        "name": "主席台",
        "dataSource": "OPENSTREETMAP",
        "verificationStatus": "SOURCE_VERIFIED",
        "sourceId": "osm-xianlin-2026-08-22",
        "sourceUpdatedAt": null,
        "osmType": "way",
        "osmId": 224940881,
        "aliases": [],
        "category": "OTHER",
        "minHeight": 0,
        "color": "#D8DDE1",
        "heightSource": "UNKNOWN",
        "officialName": null,
        "displayName": "主席台",
        "labelVisible": false
      },
      "geometry": {
        "type": "Polygon",
        "coordinates": [
          [
            [
              118.9284113,
              32.116691
            ],
            [
              118.9284126,
              32.1165246
            ],
            [
              118.9284819,
              32.116525
            ],
            [
              118.9284806,
              32.1166914
            ],
            [
              118.9284113,
              32.116691
            ]
          ]
        ]
      }
    },
    {
      "type": "Feature",
      "id": "osm:way:225198908",
      "properties": {
        "featureType": "BUILDING",
        "campusCode": "NJUPT_XIANLIN",
        "externalId": "osm:way:225198908",
        "name": "22",
        "dataSource": "OPENSTREETMAP",
        "verificationStatus": "SOURCE_VERIFIED",
        "sourceId": "osm-xianlin-2026-08-22",
        "sourceUpdatedAt": null,
        "osmType": "way",
        "osmId": 225198908,
        "aliases": [
          "22号楼",
          "22号宿舍"
        ],
        "category": "DORMITORY",
        "minHeight": 0,
        "color": "#D8DDE1",
        "height": 19.8,
        "heightSource": "ESTIMATED_FROM_LEVELS",
        "officialName": null,
        "displayName": "22号楼",
        "labelVisible": true,
        "dormitoryCandidate": {
          "number": "22",
          "displayName": "22号楼",
          "confidence": "HIGH",
          "evidence": "OSM source name begins with the explicit number 22; no spatial-order inference used"
        }
      },
      "geometry": {
        "type": "Polygon",
        "coordinates": [
          [
            [
              118.928196,
              32.118141
            ],
            [
              118.9283869,
              32.118235
            ],
            [
              118.9284136,
              32.1181961
            ],
            [
              118.9290936,
              32.1185309
            ],
            [
              118.9290686,
              32.1185673
            ],
            [
              118.9291286,
              32.1185968
            ],
            [
              118.9292063,
              32.1186351
            ],
            [
              118.9292641,
              32.118551
            ],
            [
              118.9291663,
              32.1185029
            ],
            [
              118.929194,
              32.1184625
            ],
            [
              118.9288335,
              32.1182851
            ],
            [
              118.9288498,
              32.1182613
            ],
            [
              118.9287601,
              32.1182171
            ],
            [
              118.9287453,
              32.1182386
            ],
            [
              118.9283848,
              32.1180611
            ],
            [
              118.9283569,
              32.1181018
            ],
            [
              118.9282568,
              32.1180525
            ],
            [
              118.928196,
              32.118141
            ]
          ]
        ]
      }
    },
    {
      "type": "Feature",
      "id": "osm:way:225198910",
      "properties": {
        "featureType": "BUILDING",
        "campusCode": "NJUPT_XIANLIN",
        "externalId": "osm:way:225198910",
        "name": "24",
        "dataSource": "OPENSTREETMAP",
        "verificationStatus": "SOURCE_VERIFIED",
        "sourceId": "osm-xianlin-2026-08-22",
        "sourceUpdatedAt": null,
        "osmType": "way",
        "osmId": 225198910,
        "aliases": [
          "24号楼",
          "24号宿舍"
        ],
        "category": "DORMITORY",
        "minHeight": 0,
        "color": "#D8DDE1",
        "height": 19.8,
        "heightSource": "ESTIMATED_FROM_LEVELS",
        "officialName": null,
        "displayName": "24号楼",
        "labelVisible": true,
        "dormitoryCandidate": {
          "number": "24",
          "displayName": "24号楼",
          "confidence": "HIGH",
          "evidence": "OSM source name begins with the explicit number 24; no spatial-order inference used"
        }
      },
      "geometry": {
        "type": "Polygon",
        "coordinates": [
          [
            [
              118.9286339,
              32.1186277
            ],
            [
              118.9289218,
              32.1187715
            ],
            [
              118.9289074,
              32.1187923
            ],
            [
              118.9288407,
              32.1188876
            ],
            [
              118.9288893,
              32.1189119
            ],
            [
              118.9289083,
              32.1188847
            ],
            [
              118.9289372,
              32.1188992
            ],
            [
              118.9289574,
              32.1188703
            ],
            [
              118.9289288,
              32.118856
            ],
            [
              118.9289551,
              32.1188184
            ],
            [
              118.929046,
              32.118864
            ],
            [
              118.9291056,
              32.1187788
            ],
            [
              118.9290299,
              32.1187409
            ],
            [
              118.9290537,
              32.1187068
            ],
            [
              118.9287417,
              32.1185504
            ],
            [
              118.9287059,
              32.1186017
            ],
            [
              118.928666,
              32.1185817
            ],
            [
              118.9286339,
              32.1186277
            ]
          ]
        ]
      }
    },
    {
      "type": "Feature",
      "id": "osm:way:225198912",
      "properties": {
        "featureType": "BUILDING",
        "campusCode": "NJUPT_XIANLIN",
        "externalId": "osm:way:225198912",
        "name": "26",
        "dataSource": "OPENSTREETMAP",
        "verificationStatus": "SOURCE_VERIFIED",
        "sourceId": "osm-xianlin-2026-08-22",
        "sourceUpdatedAt": null,
        "osmType": "way",
        "osmId": 225198912,
        "aliases": [
          "26号楼",
          "26号宿舍"
        ],
        "category": "DORMITORY",
        "minHeight": 0,
        "color": "#D8DDE1",
        "height": 19.8,
        "heightSource": "ESTIMATED_FROM_LEVELS",
        "officialName": null,
        "displayName": "26号楼",
        "labelVisible": true,
        "dormitoryCandidate": {
          "number": "26",
          "displayName": "26号楼",
          "confidence": "HIGH",
          "evidence": "OSM source name begins with the explicit number 26; no spatial-order inference used"
        }
      },
      "geometry": {
        "type": "Polygon",
        "coordinates": [
          [
            [
              118.928482,
              32.1188381
            ],
            [
              118.9287531,
              32.1189725
            ],
            [
              118.9287403,
              32.1189911
            ],
            [
              118.9288993,
              32.11907
            ],
            [
              118.9289573,
              32.118986
            ],
            [
              118.9288678,
              32.1189428
            ],
            [
              118.9288893,
              32.1189119
            ],
            [
              118.9288407,
              32.1188876
            ],
            [
              118.928587,
              32.1187609
            ],
            [
              118.9285505,
              32.1188095
            ],
            [
              118.9285139,
              32.1187919
            ],
            [
              118.928482,
              32.1188381
            ]
          ]
        ]
      }
    },
    {
      "type": "Feature",
      "id": "osm:way:225242507",
      "properties": {
        "featureType": "BUILDING",
        "campusCode": "NJUPT_XIANLIN",
        "externalId": "osm:way:225242507",
        "name": "28",
        "dataSource": "OPENSTREETMAP",
        "verificationStatus": "SOURCE_VERIFIED",
        "sourceId": "osm-xianlin-2026-08-22",
        "sourceUpdatedAt": null,
        "osmType": "way",
        "osmId": 225242507,
        "aliases": [
          "28号楼",
          "28号宿舍"
        ],
        "category": "DORMITORY",
        "minHeight": 0,
        "color": "#D8DDE1",
        "height": 19.8,
        "heightSource": "ESTIMATED_FROM_LEVELS",
        "officialName": null,
        "displayName": "28号楼",
        "labelVisible": true,
        "dormitoryCandidate": {
          "number": "28",
          "displayName": "28号楼",
          "confidence": "HIGH",
          "evidence": "OSM source name begins with the explicit number 28; no spatial-order inference used"
        }
      },
      "geometry": {
        "type": "Polygon",
        "coordinates": [
          [
            [
              118.9295183,
              32.1187756
            ],
            [
              118.9295744,
              32.1186904
            ],
            [
              118.9296712,
              32.1187361
            ],
            [
              118.9296931,
              32.1187027
            ],
            [
              118.9300893,
              32.1188898
            ],
            [
              118.930067,
              32.1189237
            ],
            [
              118.9301052,
              32.1189417
            ],
            [
              118.9301443,
              32.1189602
            ],
            [
              118.9301686,
              32.1189717
            ],
            [
              118.9301138,
              32.1190549
            ],
            [
              118.9299507,
              32.1189779
            ],
            [
              118.9299646,
              32.1189567
            ],
            [
              118.92972,
              32.1188412
            ],
            [
              118.9297052,
              32.1188638
            ],
            [
              118.9296127,
              32.1188201
            ],
            [
              118.9295183,
              32.1187756
            ]
          ]
        ]
      }
    },
    {
      "type": "Feature",
      "id": "osm:way:225242509",
      "properties": {
        "featureType": "BUILDING",
        "campusCode": "NJUPT_XIANLIN",
        "externalId": "osm:way:225242509",
        "name": "29",
        "dataSource": "OPENSTREETMAP",
        "verificationStatus": "SOURCE_VERIFIED",
        "sourceId": "osm-xianlin-2026-08-22",
        "sourceUpdatedAt": null,
        "osmType": "way",
        "osmId": 225242509,
        "aliases": [
          "29号楼",
          "29号宿舍"
        ],
        "category": "DORMITORY",
        "minHeight": 0,
        "color": "#D8DDE1",
        "height": 19.8,
        "heightSource": "ESTIMATED_FROM_LEVELS",
        "officialName": null,
        "displayName": "29号楼",
        "labelVisible": true,
        "dormitoryCandidate": {
          "number": "29",
          "displayName": "29号楼",
          "confidence": "HIGH",
          "evidence": "OSM source name begins with the explicit number 29; no spatial-order inference used"
        }
      },
      "geometry": {
        "type": "Polygon",
        "coordinates": [
          [
            [
              118.9293694,
              32.1190027
            ],
            [
              118.9294267,
              32.1189142
            ],
            [
              118.9295259,
              32.1189604
            ],
            [
              118.9295439,
              32.1189326
            ],
            [
              118.9298542,
              32.119077
            ],
            [
              118.9298302,
              32.1191139
            ],
            [
              118.9298715,
              32.1191331
            ],
            [
              118.9298329,
              32.1191926
            ],
            [
              118.9295641,
              32.1190675
            ],
            [
              118.9295513,
              32.1190873
            ],
            [
              118.9294804,
              32.1190547
            ],
            [
              118.929406,
              32.1191661
            ],
            [
              118.9293894,
              32.119191
            ],
            [
              118.9293376,
              32.1191664
            ],
            [
              118.9293608,
              32.1191299
            ],
            [
              118.9293121,
              32.1191064
            ],
            [
              118.929341,
              32.1190615
            ],
            [
              118.9293907,
              32.1190858
            ],
            [
              118.9294286,
              32.1190311
            ],
            [
              118.9293694,
              32.1190027
            ]
          ]
        ]
      }
    },
    {
      "type": "Feature",
      "id": "osm:way:225242511",
      "properties": {
        "featureType": "BUILDING",
        "campusCode": "NJUPT_XIANLIN",
        "externalId": "osm:way:225242511",
        "name": "30",
        "dataSource": "OPENSTREETMAP",
        "verificationStatus": "SOURCE_VERIFIED",
        "sourceId": "osm-xianlin-2026-08-22",
        "sourceUpdatedAt": null,
        "osmType": "way",
        "osmId": 225242511,
        "aliases": [
          "30号楼",
          "30号宿舍"
        ],
        "category": "DORMITORY",
        "minHeight": 0,
        "color": "#D8DDE1",
        "height": 19.8,
        "heightSource": "ESTIMATED_FROM_LEVELS",
        "officialName": null,
        "displayName": "30号楼",
        "labelVisible": true,
        "dormitoryCandidate": {
          "number": "30",
          "displayName": "30号楼",
          "confidence": "HIGH",
          "evidence": "OSM source name begins with the explicit number 30; no spatial-order inference used"
        }
      },
      "geometry": {
        "type": "Polygon",
        "coordinates": [
          [
            [
              118.9299243,
              32.1192181
            ],
            [
              118.9299813,
              32.1191347
            ],
            [
              118.930092,
              32.1191889
            ],
            [
              118.9300683,
              32.1192236
            ],
            [
              118.9301588,
              32.1192679
            ],
            [
              118.9301232,
              32.11932
            ],
            [
              118.9301453,
              32.1193308
            ],
            [
              118.9300943,
              32.1194055
            ],
            [
              118.930117,
              32.1194166
            ],
            [
              118.9300922,
              32.119453
            ],
            [
              118.9300685,
              32.1194413
            ],
            [
              118.9300306,
              32.1194969
            ],
            [
              118.9299841,
              32.1194741
            ],
            [
              118.9300036,
              32.1194456
            ],
            [
              118.9300793,
              32.1193348
            ],
            [
              118.929952,
              32.1192725
            ],
            [
              118.9299729,
              32.1192419
            ],
            [
              118.9299243,
              32.1192181
            ]
          ]
        ]
      }
    },
    {
      "type": "Feature",
      "id": "osm:way:225242513",
      "properties": {
        "featureType": "BUILDING",
        "campusCode": "NJUPT_XIANLIN",
        "externalId": "osm:way:225242513",
        "name": "31",
        "dataSource": "OPENSTREETMAP",
        "verificationStatus": "SOURCE_VERIFIED",
        "sourceId": "osm-xianlin-2026-08-22",
        "sourceUpdatedAt": null,
        "osmType": "way",
        "osmId": 225242513,
        "aliases": [
          "31号楼",
          "31号宿舍"
        ],
        "category": "DORMITORY",
        "minHeight": 0,
        "color": "#D8DDE1",
        "height": 19.8,
        "heightSource": "ESTIMATED_FROM_LEVELS",
        "officialName": null,
        "displayName": "31号楼",
        "labelVisible": true,
        "dormitoryCandidate": {
          "number": "31",
          "displayName": "31号楼",
          "confidence": "HIGH",
          "evidence": "OSM source name begins with the explicit number 31; no spatial-order inference used"
        }
      },
      "geometry": {
        "type": "Polygon",
        "coordinates": [
          [
            [
              118.9292216,
              32.1192266
            ],
            [
              118.9292803,
              32.1191388
            ],
            [
              118.9293376,
              32.1191664
            ],
            [
              118.9293894,
              32.119191
            ],
            [
              118.929406,
              32.1191661
            ],
            [
              118.9297038,
              32.1193087
            ],
            [
              118.9296747,
              32.1193524
            ],
            [
              118.9297083,
              32.1193685
            ],
            [
              118.9296736,
              32.1194204
            ],
            [
              118.9294107,
              32.1192945
            ],
            [
              118.9293993,
              32.1193116
            ],
            [
              118.9292216,
              32.1192266
            ]
          ]
        ]
      }
    },
    {
      "type": "Feature",
      "id": "osm:way:225242515",
      "properties": {
        "featureType": "BUILDING",
        "campusCode": "NJUPT_XIANLIN",
        "externalId": "osm:way:225242515",
        "name": "32",
        "dataSource": "OPENSTREETMAP",
        "verificationStatus": "SOURCE_VERIFIED",
        "sourceId": "osm-xianlin-2026-08-22",
        "sourceUpdatedAt": null,
        "osmType": "way",
        "osmId": 225242515,
        "aliases": [
          "32号楼",
          "32号宿舍"
        ],
        "category": "DORMITORY",
        "minHeight": 0,
        "color": "#D8DDE1",
        "height": 19.8,
        "heightSource": "ESTIMATED_FROM_LEVELS",
        "officialName": null,
        "displayName": "32号楼",
        "labelVisible": true,
        "dormitoryCandidate": {
          "number": "32",
          "displayName": "32号楼",
          "confidence": "HIGH",
          "evidence": "OSM source name begins with the explicit number 32; no spatial-order inference used"
        }
      },
      "geometry": {
        "type": "Polygon",
        "coordinates": [
          [
            [
              118.929839,
              32.1194761
            ],
            [
              118.9298971,
              32.1193925
            ],
            [
              118.9300036,
              32.1194456
            ],
            [
              118.9299841,
              32.1194741
            ],
            [
              118.9300306,
              32.1194969
            ],
            [
              118.9300773,
              32.1195208
            ],
            [
              118.93002,
              32.1196033
            ],
            [
              118.9298692,
              32.1195281
            ],
            [
              118.9298883,
              32.1195007
            ],
            [
              118.929839,
              32.1194761
            ]
          ]
        ]
      }
    },
    {
      "type": "Feature",
      "id": "osm:way:225242517",
      "properties": {
        "featureType": "BUILDING",
        "campusCode": "NJUPT_XIANLIN",
        "externalId": "osm:way:225242517",
        "name": "33",
        "dataSource": "OPENSTREETMAP",
        "verificationStatus": "SOURCE_VERIFIED",
        "sourceId": "osm-xianlin-2026-08-22",
        "sourceUpdatedAt": null,
        "osmType": "way",
        "osmId": 225242517,
        "aliases": [
          "33号楼",
          "33号宿舍"
        ],
        "category": "DORMITORY",
        "minHeight": 0,
        "color": "#D8DDE1",
        "height": 19.8,
        "heightSource": "ESTIMATED_FROM_LEVELS",
        "officialName": null,
        "displayName": "33号楼",
        "labelVisible": true,
        "dormitoryCandidate": {
          "number": "33",
          "displayName": "33号楼",
          "confidence": "HIGH",
          "evidence": "OSM source name begins with the explicit number 33; no spatial-order inference used"
        }
      },
      "geometry": {
        "type": "Polygon",
        "coordinates": [
          [
            [
              118.9291467,
              32.1194843
            ],
            [
              118.9292063,
              32.1193964
            ],
            [
              118.9292996,
              32.1194418
            ],
            [
              118.9293225,
              32.119408
            ],
            [
              118.929868,
              32.1196735
            ],
            [
              118.9298458,
              32.1197063
            ],
            [
              118.929938,
              32.1197512
            ],
            [
              118.9298779,
              32.1198398
            ],
            [
              118.9297259,
              32.1197658
            ],
            [
              118.9297396,
              32.1197457
            ],
            [
              118.9295526,
              32.1196546
            ],
            [
              118.9295,
              32.1196291
            ],
            [
              118.9293329,
              32.1195477
            ],
            [
              118.929319,
              32.1195681
            ],
            [
              118.9291467,
              32.1194843
            ]
          ]
        ]
      }
    },
    {
      "type": "Feature",
      "id": "osm:way:225250615",
      "properties": {
        "featureType": "BUILDING",
        "campusCode": "NJUPT_XIANLIN",
        "externalId": "osm:way:225250615",
        "name": "34",
        "dataSource": "OPENSTREETMAP",
        "verificationStatus": "SOURCE_VERIFIED",
        "sourceId": "osm-xianlin-2026-08-22",
        "sourceUpdatedAt": null,
        "osmType": "way",
        "osmId": 225250615,
        "aliases": [
          "34号楼",
          "34号宿舍"
        ],
        "category": "DORMITORY",
        "minHeight": 0,
        "color": "#D8DDE1",
        "height": 19.8,
        "heightSource": "ESTIMATED_FROM_LEVELS",
        "officialName": null,
        "displayName": "34号楼",
        "labelVisible": true,
        "dormitoryCandidate": {
          "number": "34",
          "displayName": "34号楼",
          "confidence": "HIGH",
          "evidence": "OSM source name begins with the explicit number 34; no spatial-order inference used"
        }
      },
      "geometry": {
        "type": "Polygon",
        "coordinates": [
          [
            [
              118.928878,
              32.1197435
            ],
            [
              118.9289418,
              32.1196516
            ],
            [
              118.9290487,
              32.1197055
            ],
            [
              118.929069,
              32.1196727
            ],
            [
              118.9293731,
              32.1198213
            ],
            [
              118.9294278,
              32.1198486
            ],
            [
              118.9297478,
              32.1200084
            ],
            [
              118.9297232,
              32.1200413
            ],
            [
              118.929827,
              32.1200967
            ],
            [
              118.9297611,
              32.1201814
            ],
            [
              118.9296128,
              32.1201071
            ],
            [
              118.9296374,
              32.1200707
            ],
            [
              118.9290548,
              32.1197799
            ],
            [
              118.9290303,
              32.1198163
            ],
            [
              118.928878,
              32.1197435
            ]
          ]
        ]
      }
    },
    {
      "type": "Feature",
      "id": "osm:way:225250617",
      "properties": {
        "featureType": "BUILDING",
        "campusCode": "NJUPT_XIANLIN",
        "externalId": "osm:way:225250617",
        "name": "36",
        "dataSource": "OPENSTREETMAP",
        "verificationStatus": "SOURCE_VERIFIED",
        "sourceId": "osm-xianlin-2026-08-22",
        "sourceUpdatedAt": null,
        "osmType": "way",
        "osmId": 225250617,
        "aliases": [
          "36号楼",
          "36号宿舍"
        ],
        "category": "DORMITORY",
        "minHeight": 0,
        "color": "#D8DDE1",
        "height": 19.8,
        "heightSource": "ESTIMATED_FROM_LEVELS",
        "officialName": null,
        "displayName": "36号楼",
        "labelVisible": true,
        "dormitoryCandidate": {
          "number": "36",
          "displayName": "36号楼",
          "confidence": "HIGH",
          "evidence": "OSM source name begins with the explicit number 36; no spatial-order inference used"
        }
      },
      "geometry": {
        "type": "Polygon",
        "coordinates": [
          [
            [
              118.9292117,
              32.1202392
            ],
            [
              118.9292394,
              32.1201982
            ],
            [
              118.9292715,
              32.1202138
            ],
            [
              118.9293035,
              32.1201666
            ],
            [
              118.9296045,
              32.1203126
            ],
            [
              118.9295789,
              32.1203505
            ],
            [
              118.9296704,
              32.1203948
            ],
            [
              118.9296127,
              32.1204801
            ],
            [
              118.9295766,
              32.1204643
            ],
            [
              118.9295369,
              32.1205211
            ],
            [
              118.9295671,
              32.1205362
            ],
            [
              118.9295346,
              32.1205855
            ],
            [
              118.9295041,
              32.1205698
            ],
            [
              118.9294694,
              32.1206219
            ],
            [
              118.9294233,
              32.1205993
            ],
            [
              118.9294496,
              32.1205608
            ],
            [
              118.9295315,
              32.1204411
            ],
            [
              118.9294612,
              32.1204066
            ],
            [
              118.9294848,
              32.1203718
            ],
            [
              118.9292117,
              32.1202392
            ]
          ]
        ]
      }
    },
    {
      "type": "Feature",
      "id": "osm:way:225250618",
      "properties": {
        "featureType": "BUILDING",
        "campusCode": "NJUPT_XIANLIN",
        "externalId": "osm:way:225250618",
        "name": "37",
        "dataSource": "OPENSTREETMAP",
        "verificationStatus": "SOURCE_VERIFIED",
        "sourceId": "osm-xianlin-2026-08-22",
        "sourceUpdatedAt": null,
        "osmType": "way",
        "osmId": 225250618,
        "aliases": [
          "37号楼",
          "37号宿舍"
        ],
        "category": "DORMITORY",
        "minHeight": 0,
        "color": "#D8DDE1",
        "height": 19.8,
        "heightSource": "ESTIMATED_FROM_LEVELS",
        "officialName": null,
        "displayName": "37号楼",
        "labelVisible": true,
        "dormitoryCandidate": {
          "number": "37",
          "displayName": "37号楼",
          "confidence": "HIGH",
          "evidence": "OSM source name begins with the explicit number 37; no spatial-order inference used"
        }
      },
      "geometry": {
        "type": "Polygon",
        "coordinates": [
          [
            [
              118.9284978,
              32.1202619
            ],
            [
              118.928552,
              32.1201826
            ],
            [
              118.9286018,
              32.1202066
            ],
            [
              118.9286547,
              32.1202326
            ],
            [
              118.9286838,
              32.1201903
            ],
            [
              118.928984,
              32.1203374
            ],
            [
              118.9289544,
              32.1203807
            ],
            [
              118.9289843,
              32.1203954
            ],
            [
              118.928957,
              32.1204354
            ],
            [
              118.9287002,
              32.1203095
            ],
            [
              118.9286738,
              32.1203481
            ],
            [
              118.928536,
              32.1202806
            ],
            [
              118.9284978,
              32.1202619
            ]
          ]
        ]
      }
    },
    {
      "type": "Feature",
      "id": "osm:way:225250619",
      "properties": {
        "featureType": "BUILDING",
        "campusCode": "NJUPT_XIANLIN",
        "externalId": "osm:way:225250619",
        "name": "38",
        "dataSource": "OPENSTREETMAP",
        "verificationStatus": "SOURCE_VERIFIED",
        "sourceId": "osm-xianlin-2026-08-22",
        "sourceUpdatedAt": null,
        "osmType": "way",
        "osmId": 225250619,
        "aliases": [
          "38号楼",
          "38号宿舍"
        ],
        "category": "DORMITORY",
        "minHeight": 0,
        "color": "#D8DDE1",
        "height": 19.8,
        "heightSource": "ESTIMATED_FROM_LEVELS",
        "officialName": null,
        "displayName": "38号楼",
        "labelVisible": true,
        "dormitoryCandidate": {
          "number": "38",
          "displayName": "38号楼",
          "confidence": "HIGH",
          "evidence": "OSM source name begins with the explicit number 38; no spatial-order inference used"
        }
      },
      "geometry": {
        "type": "Polygon",
        "coordinates": [
          [
            [
              118.9290367,
              32.120482
            ],
            [
              118.9290663,
              32.1204386
            ],
            [
              118.9290991,
              32.1204546
            ],
            [
              118.9291327,
              32.1204055
            ],
            [
              118.9294496,
              32.1205608
            ],
            [
              118.9294233,
              32.1205993
            ],
            [
              118.9294694,
              32.1206219
            ],
            [
              118.9295086,
              32.1206411
            ],
            [
              118.9294458,
              32.1207331
            ],
            [
              118.9292781,
              32.120651
            ],
            [
              118.9293041,
              32.120613
            ],
            [
              118.9290367,
              32.120482
            ]
          ]
        ]
      }
    },
    {
      "type": "Feature",
      "id": "osm:way:225250620",
      "properties": {
        "featureType": "BUILDING",
        "campusCode": "NJUPT_XIANLIN",
        "externalId": "osm:way:225250620",
        "name": "39",
        "dataSource": "OPENSTREETMAP",
        "verificationStatus": "SOURCE_VERIFIED",
        "sourceId": "osm-xianlin-2026-08-22",
        "sourceUpdatedAt": null,
        "osmType": "way",
        "osmId": 225250620,
        "aliases": [
          "39号楼",
          "39号宿舍"
        ],
        "category": "DORMITORY",
        "minHeight": 0,
        "color": "#D8DDE1",
        "height": 19.8,
        "heightSource": "ESTIMATED_FROM_LEVELS",
        "officialName": null,
        "displayName": "39号楼",
        "labelVisible": true,
        "dormitoryCandidate": {
          "number": "39",
          "displayName": "39号楼",
          "confidence": "HIGH",
          "evidence": "OSM source name begins with the explicit number 39; no spatial-order inference used"
        }
      },
      "geometry": {
        "type": "Polygon",
        "coordinates": [
          [
            [
              118.9283732,
              32.1205395
            ],
            [
              118.9284334,
              32.1204523
            ],
            [
              118.9285328,
              32.1205016
            ],
            [
              118.9285528,
              32.1204728
            ],
            [
              118.9292305,
              32.1208088
            ],
            [
              118.9292102,
              32.1208383
            ],
            [
              118.9293022,
              32.1208839
            ],
            [
              118.929243,
              32.1209696
            ],
            [
              118.9290797,
              32.1208886
            ],
            [
              118.929097,
              32.1208636
            ],
            [
              118.928847,
              32.1207397
            ],
            [
              118.9287936,
              32.1207132
            ],
            [
              118.9285604,
              32.1205976
            ],
            [
              118.9285426,
              32.1206234
            ],
            [
              118.9283732,
              32.1205395
            ]
          ]
        ]
      }
    },
    {
      "type": "Feature",
      "id": "osm:way:225251648",
      "properties": {
        "featureType": "BUILDING",
        "campusCode": "NJUPT_XIANLIN",
        "externalId": "osm:way:225251648",
        "name": "35",
        "dataSource": "OPENSTREETMAP",
        "verificationStatus": "SOURCE_VERIFIED",
        "sourceId": "osm-xianlin-2026-08-22",
        "sourceUpdatedAt": null,
        "osmType": "way",
        "osmId": 225251648,
        "aliases": [
          "35号楼",
          "35号宿舍"
        ],
        "category": "DORMITORY",
        "minHeight": 0,
        "color": "#D8DDE1",
        "height": 19.8,
        "heightSource": "ESTIMATED_FROM_LEVELS",
        "officialName": null,
        "displayName": "35号楼",
        "labelVisible": true,
        "dormitoryCandidate": {
          "number": "35",
          "displayName": "35号楼",
          "confidence": "HIGH",
          "evidence": "OSM source name begins with the explicit number 35; no spatial-order inference used"
        }
      },
      "geometry": {
        "type": "Polygon",
        "coordinates": [
          [
            [
              118.9285921,
              32.120121
            ],
            [
              118.9286249,
              32.120071
            ],
            [
              118.9286742,
              32.1200942
            ],
            [
              118.9287114,
              32.1200375
            ],
            [
              118.9286623,
              32.1200143
            ],
            [
              118.9287437,
              32.1198904
            ],
            [
              118.9288431,
              32.1199372
            ],
            [
              118.9291417,
              32.1200814
            ],
            [
              118.9291079,
              32.1201316
            ],
            [
              118.9291378,
              32.1201461
            ],
            [
              118.929112,
              32.1201844
            ],
            [
              118.9288582,
              32.1200618
            ],
            [
              118.9288339,
              32.1200979
            ],
            [
              118.9287676,
              32.1200659
            ],
            [
              118.9286838,
              32.1201903
            ],
            [
              118.9286547,
              32.1202326
            ],
            [
              118.9286018,
              32.1202066
            ],
            [
              118.9286432,
              32.1201462
            ],
            [
              118.9285921,
              32.120121
            ]
          ]
        ]
      }
    },
    {
      "type": "Feature",
      "id": "osm:way:225255198",
      "properties": {
        "featureType": "BUILDING",
        "campusCode": "NJUPT_XIANLIN",
        "externalId": "osm:way:225255198",
        "name": "40",
        "dataSource": "OPENSTREETMAP",
        "verificationStatus": "SOURCE_VERIFIED",
        "sourceId": "osm-xianlin-2026-08-22",
        "sourceUpdatedAt": null,
        "osmType": "way",
        "osmId": 225255198,
        "aliases": [
          "40号楼",
          "40号宿舍"
        ],
        "category": "DORMITORY",
        "minHeight": 0,
        "color": "#D8DDE1",
        "height": 19.8,
        "heightSource": "ESTIMATED_FROM_LEVELS",
        "officialName": null,
        "displayName": "40号楼",
        "labelVisible": true,
        "dormitoryCandidate": {
          "number": "40",
          "displayName": "40号楼",
          "confidence": "HIGH",
          "evidence": "OSM source name begins with the explicit number 40; no spatial-order inference used"
        }
      },
      "geometry": {
        "type": "Polygon",
        "coordinates": [
          [
            [
              118.9282546,
              32.1208271
            ],
            [
              118.9283124,
              32.1207431
            ],
            [
              118.9284117,
              32.1207926
            ],
            [
              118.9284381,
              32.1207549
            ],
            [
              118.9287267,
              32.1208997
            ],
            [
              118.9288014,
              32.1209372
            ],
            [
              118.9290944,
              32.1210842
            ],
            [
              118.9290739,
              32.1211136
            ],
            [
              118.9291614,
              32.1211575
            ],
            [
              118.9291008,
              32.1212442
            ],
            [
              118.9289425,
              32.1211647
            ],
            [
              118.9289641,
              32.1211339
            ],
            [
              118.928442,
              32.120872
            ],
            [
              118.9284177,
              32.1209068
            ],
            [
              118.9282546,
              32.1208271
            ]
          ]
        ]
      }
    },
    {
      "type": "Feature",
      "id": "osm:way:225255200",
      "properties": {
        "featureType": "BUILDING",
        "campusCode": "NJUPT_XIANLIN",
        "externalId": "osm:way:225255200",
        "name": "44",
        "dataSource": "OPENSTREETMAP",
        "verificationStatus": "SOURCE_VERIFIED",
        "sourceId": "osm-xianlin-2026-08-22",
        "sourceUpdatedAt": null,
        "osmType": "way",
        "osmId": 225255200,
        "aliases": [
          "44号楼",
          "44号宿舍"
        ],
        "category": "DORMITORY",
        "minHeight": 0,
        "color": "#D8DDE1",
        "height": 19.8,
        "heightSource": "ESTIMATED_FROM_LEVELS",
        "officialName": null,
        "displayName": "44号楼",
        "labelVisible": true,
        "dormitoryCandidate": {
          "number": "44",
          "displayName": "44号楼",
          "confidence": "HIGH",
          "evidence": "OSM source name begins with the explicit number 44; no spatial-order inference used"
        }
      },
      "geometry": {
        "type": "Polygon",
        "coordinates": [
          [
            [
              118.9284304,
              32.1214605
            ],
            [
              118.9286853,
              32.1215889
            ],
            [
              118.9286593,
              32.121626
            ],
            [
              118.9287948,
              32.1216942
            ],
            [
              118.9288177,
              32.1217058
            ],
            [
              118.9288714,
              32.1216293
            ],
            [
              118.9288218,
              32.1216047
            ],
            [
              118.9287724,
              32.1215796
            ],
            [
              118.9287934,
              32.12155
            ],
            [
              118.9285149,
              32.1214097
            ],
            [
              118.9284901,
              32.1214451
            ],
            [
              118.928454,
              32.1214269
            ],
            [
              118.9284304,
              32.1214605
            ]
          ]
        ]
      }
    },
    {
      "type": "Feature",
      "id": "osm:way:225255202",
      "properties": {
        "featureType": "BUILDING",
        "campusCode": "NJUPT_XIANLIN",
        "externalId": "osm:way:225255202",
        "name": "42",
        "dataSource": "OPENSTREETMAP",
        "verificationStatus": "SOURCE_VERIFIED",
        "sourceId": "osm-xianlin-2026-08-22",
        "sourceUpdatedAt": null,
        "osmType": "way",
        "osmId": 225255202,
        "aliases": [
          "42号楼",
          "42号宿舍"
        ],
        "category": "DORMITORY",
        "minHeight": 0,
        "color": "#D8DDE1",
        "height": 19.8,
        "heightSource": "ESTIMATED_FROM_LEVELS",
        "officialName": null,
        "displayName": "42号楼",
        "labelVisible": true,
        "dormitoryCandidate": {
          "number": "42",
          "displayName": "42号楼",
          "confidence": "HIGH",
          "evidence": "OSM source name begins with the explicit number 42; no spatial-order inference used"
        }
      },
      "geometry": {
        "type": "Polygon",
        "coordinates": [
          [
            [
              118.9285913,
              32.1212381
            ],
            [
              118.928617,
              32.1212019
            ],
            [
              118.9286445,
              32.1212158
            ],
            [
              118.9286745,
              32.1211734
            ],
            [
              118.9289615,
              32.1213193
            ],
            [
              118.9289387,
              32.1213514
            ],
            [
              118.9290084,
              32.1213869
            ],
            [
              118.9290389,
              32.1214024
            ],
            [
              118.9289808,
              32.1214844
            ],
            [
              118.928923,
              32.121455
            ],
            [
              118.9288809,
              32.1215144
            ],
            [
              118.9289261,
              32.1215374
            ],
            [
              118.9288946,
              32.1215819
            ],
            [
              118.9288529,
              32.1215607
            ],
            [
              118.9288218,
              32.1216047
            ],
            [
              118.9287724,
              32.1215796
            ],
            [
              118.9287934,
              32.12155
            ],
            [
              118.9288761,
              32.1214334
            ],
            [
              118.9288314,
              32.1214106
            ],
            [
              118.9288577,
              32.1213735
            ],
            [
              118.9285913,
              32.1212381
            ]
          ]
        ]
      }
    },
    {
      "type": "Feature",
      "id": "osm:way:224896131",
      "properties": {
        "featureType": "BUILDING",
        "campusCode": "NJUPT_XIANLIN",
        "externalId": "osm:way:224896131",
        "name": "南邮仙林三食堂",
        "dataSource": "OPENSTREETMAP",
        "verificationStatus": "SOURCE_VERIFIED",
        "sourceId": "osm-xianlin-2026-08-22",
        "sourceUpdatedAt": null,
        "osmType": "way",
        "osmId": 224896131,
        "aliases": [
          "三食堂",
          "仙林三食堂"
        ],
        "category": "DINING",
        "minHeight": 0,
        "color": "#D8DDE1",
        "heightSource": "UNKNOWN",
        "officialName": "仙林三食堂",
        "displayName": "三食堂",
        "source": "NJUPT_OFFICIAL",
        "sourceUrl": "https://hqc.njupt.edu.cn/_t311/2014/0905/c5002a66692/page.htm",
        "reviewStatus": "SOURCE_MATCHED",
        "reviewedAt": "2026-08-22",
        "notes": "Official service page confirms the campus canteen name.",
        "labelVisible": true
      },
      "geometry": {
        "type": "Polygon",
        "coordinates": [
          [
            [
              118.9275528,
              32.1200689
            ],
            [
              118.9276379,
              32.1199417
            ],
            [
              118.9276602,
              32.1199084
            ],
            [
              118.9277792,
              32.1197309
            ],
            [
              118.9277093,
              32.1196972
            ],
            [
              118.9278473,
              32.1194939
            ],
            [
              118.9279161,
              32.119527
            ],
            [
              118.9280178,
              32.1193751
            ],
            [
              118.9280485,
              32.1193294
            ],
            [
              118.9281469,
              32.1191832
            ],
            [
              118.9282684,
              32.1192419
            ],
            [
              118.9282965,
              32.1192555
            ],
            [
              118.9284068,
              32.1193087
            ],
            [
              118.9283347,
              32.1194159
            ],
            [
              118.9284066,
              32.1194506
            ],
            [
              118.9284738,
              32.1194829
            ],
            [
              118.9286031,
              32.1195447
            ],
            [
              118.9284549,
              32.1197671
            ],
            [
              118.9285214,
              32.1197989
            ],
            [
              118.9283728,
              32.1200218
            ],
            [
              118.9283085,
              32.1199911
            ],
            [
              118.9281656,
              32.1202054
            ],
            [
              118.9280569,
              32.1201534
            ],
            [
              118.9279771,
              32.1201153
            ],
            [
              118.9278847,
              32.1200711
            ],
            [
              118.9278055,
              32.1201898
            ],
            [
              118.9277012,
              32.1201399
            ],
            [
              118.9276538,
              32.1201172
            ],
            [
              118.9275528,
              32.1200689
            ]
          ]
        ]
      }
    },
    {
      "type": "Feature",
      "id": "osm:way:225198909",
      "properties": {
        "featureType": "BUILDING",
        "campusCode": "NJUPT_XIANLIN",
        "externalId": "osm:way:225198909",
        "name": "23",
        "dataSource": "OPENSTREETMAP",
        "verificationStatus": "SOURCE_VERIFIED",
        "sourceId": "osm-xianlin-2026-08-22",
        "sourceUpdatedAt": null,
        "osmType": "way",
        "osmId": 225198909,
        "aliases": [
          "23号楼",
          "23号宿舍"
        ],
        "category": "DORMITORY",
        "minHeight": 0,
        "color": "#D8DDE1",
        "height": 19.8,
        "heightSource": "ESTIMATED_FROM_LEVELS",
        "officialName": null,
        "displayName": "23号楼",
        "labelVisible": true,
        "dormitoryCandidate": {
          "number": "23",
          "displayName": "23号楼",
          "confidence": "HIGH",
          "evidence": "OSM source name begins with the explicit number 23; no spatial-order inference used"
        }
      },
      "geometry": {
        "type": "Polygon",
        "coordinates": [
          [
            [
              118.9280532,
              32.1183612
            ],
            [
              118.9281089,
              32.1182819
            ],
            [
              118.928206,
              32.1183309
            ],
            [
              118.9282294,
              32.1182976
            ],
            [
              118.928528,
              32.118448
            ],
            [
              118.928494,
              32.1184963
            ],
            [
              118.9285457,
              32.1185224
            ],
            [
              118.9285136,
              32.1185681
            ],
            [
              118.9282305,
              32.1184256
            ],
            [
              118.9282176,
              32.118444
            ],
            [
              118.9281474,
              32.1184098
            ],
            [
              118.9280895,
              32.1183795
            ],
            [
              118.9280532,
              32.1183612
            ]
          ]
        ]
      }
    },
    {
      "type": "Feature",
      "id": "osm:way:225198911",
      "properties": {
        "featureType": "BUILDING",
        "campusCode": "NJUPT_XIANLIN",
        "externalId": "osm:way:225198911",
        "name": "25",
        "dataSource": "OPENSTREETMAP",
        "verificationStatus": "SOURCE_VERIFIED",
        "sourceId": "osm-xianlin-2026-08-22",
        "sourceUpdatedAt": null,
        "osmType": "way",
        "osmId": 225198911,
        "aliases": [
          "25号楼",
          "25号宿舍"
        ],
        "category": "DORMITORY",
        "minHeight": 0,
        "color": "#D8DDE1",
        "height": 19.8,
        "heightSource": "ESTIMATED_FROM_LEVELS",
        "officialName": null,
        "displayName": "25号楼",
        "labelVisible": true,
        "dormitoryCandidate": {
          "number": "25",
          "displayName": "25号楼",
          "confidence": "HIGH",
          "evidence": "OSM source name begins with the explicit number 25; no spatial-order inference used"
        }
      },
      "geometry": {
        "type": "Polygon",
        "coordinates": [
          [
            [
              118.9278986,
              32.1185755
            ],
            [
              118.9279602,
              32.1184857
            ],
            [
              118.9280023,
              32.118507
            ],
            [
              118.9280295,
              32.118469
            ],
            [
              118.9279888,
              32.1184487
            ],
            [
              118.9280232,
              32.1183992
            ],
            [
              118.9280618,
              32.1184186
            ],
            [
              118.9280895,
              32.1183795
            ],
            [
              118.9281474,
              32.1184098
            ],
            [
              118.9280789,
              32.1185087
            ],
            [
              118.9283863,
              32.11866
            ],
            [
              118.928353,
              32.1187085
            ],
            [
              118.9283971,
              32.1187303
            ],
            [
              118.9283635,
              32.1187793
            ],
            [
              118.9280999,
              32.1186496
            ],
            [
              118.9280871,
              32.1186683
            ],
            [
              118.9278986,
              32.1185755
            ]
          ]
        ]
      }
    },
    {
      "type": "Feature",
      "id": "osm:way:225198913",
      "properties": {
        "featureType": "BUILDING",
        "campusCode": "NJUPT_XIANLIN",
        "externalId": "osm:way:225198913",
        "name": "27",
        "dataSource": "OPENSTREETMAP",
        "verificationStatus": "SOURCE_VERIFIED",
        "sourceId": "osm-xianlin-2026-08-22",
        "sourceUpdatedAt": null,
        "osmType": "way",
        "osmId": 225198913,
        "aliases": [
          "27号楼",
          "27号宿舍"
        ],
        "category": "DORMITORY",
        "minHeight": 0,
        "color": "#D8DDE1",
        "height": 19.8,
        "heightSource": "ESTIMATED_FROM_LEVELS",
        "officialName": null,
        "displayName": "27号楼",
        "labelVisible": true,
        "dormitoryCandidate": {
          "number": "27",
          "displayName": "27号楼",
          "confidence": "HIGH",
          "evidence": "OSM source name begins with the explicit number 27; no spatial-order inference used"
        }
      },
      "geometry": {
        "type": "Polygon",
        "coordinates": [
          [
            [
              118.9277437,
              32.1188019
            ],
            [
              118.9278015,
              32.1187159
            ],
            [
              118.9278981,
              32.1187624
            ],
            [
              118.927921,
              32.1187283
            ],
            [
              118.9286517,
              32.1190806
            ],
            [
              118.9286292,
              32.1191141
            ],
            [
              118.9287324,
              32.1191639
            ],
            [
              118.9286761,
              32.1192476
            ],
            [
              118.9285275,
              32.1191759
            ],
            [
              118.9285464,
              32.1191478
            ],
            [
              118.928259,
              32.1190093
            ],
            [
              118.9281935,
              32.1189777
            ],
            [
              118.9279305,
              32.1188509
            ],
            [
              118.9279097,
              32.1188819
            ],
            [
              118.9277437,
              32.1188019
            ]
          ]
        ]
      }
    },
    {
      "type": "Feature",
      "id": "osm:way:225255192",
      "properties": {
        "featureType": "BUILDING",
        "campusCode": "NJUPT_XIANLIN",
        "externalId": "osm:way:225255192",
        "name": "45",
        "dataSource": "OPENSTREETMAP",
        "verificationStatus": "SOURCE_VERIFIED",
        "sourceId": "osm-xianlin-2026-08-22",
        "sourceUpdatedAt": null,
        "osmType": "way",
        "osmId": 225255192,
        "aliases": [
          "45号楼",
          "45号宿舍"
        ],
        "category": "DORMITORY",
        "minHeight": 0,
        "color": "#D8DDE1",
        "height": 19.8,
        "heightSource": "ESTIMATED_FROM_LEVELS",
        "officialName": null,
        "displayName": "45号楼",
        "labelVisible": true,
        "dormitoryCandidate": {
          "number": "45",
          "displayName": "45号楼",
          "confidence": "HIGH",
          "evidence": "OSM source name begins with the explicit number 45; no spatial-order inference used"
        }
      },
      "geometry": {
        "type": "Polygon",
        "coordinates": [
          [
            [
              118.9277805,
              32.1215112
            ],
            [
              118.9277963,
              32.1214858
            ],
            [
              118.927835,
              32.1214281
            ],
            [
              118.9279449,
              32.1214784
            ],
            [
              118.9279677,
              32.1214451
            ],
            [
              118.9286071,
              32.1217587
            ],
            [
              118.928586,
              32.1217896
            ],
            [
              118.9286949,
              32.121843
            ],
            [
              118.9286354,
              32.12193
            ],
            [
              118.9284722,
              32.1218499
            ],
            [
              118.9284947,
              32.1218171
            ],
            [
              118.9282456,
              32.121695
            ],
            [
              118.9281875,
              32.1216664
            ],
            [
              118.9279695,
              32.1215595
            ],
            [
              118.9279468,
              32.1215928
            ],
            [
              118.9277805,
              32.1215112
            ]
          ]
        ]
      }
    },
    {
      "type": "Feature",
      "id": "osm:way:225255194",
      "properties": {
        "featureType": "BUILDING",
        "campusCode": "NJUPT_XIANLIN",
        "externalId": "osm:way:225255194",
        "name": "43",
        "dataSource": "OPENSTREETMAP",
        "verificationStatus": "SOURCE_VERIFIED",
        "sourceId": "osm-xianlin-2026-08-22",
        "sourceUpdatedAt": null,
        "osmType": "way",
        "osmId": 225255194,
        "aliases": [
          "43号楼",
          "43号宿舍"
        ],
        "category": "DORMITORY",
        "minHeight": 0,
        "color": "#D8DDE1",
        "height": 19.8,
        "heightSource": "ESTIMATED_FROM_LEVELS",
        "officialName": null,
        "displayName": "43号楼",
        "labelVisible": true,
        "dormitoryCandidate": {
          "number": "43",
          "displayName": "43号楼",
          "confidence": "HIGH",
          "evidence": "OSM source name begins with the explicit number 43; no spatial-order inference used"
        }
      },
      "geometry": {
        "type": "Polygon",
        "coordinates": [
          [
            [
              118.9278993,
              32.1212502
            ],
            [
              118.9279547,
              32.1211681
            ],
            [
              118.9280495,
              32.1212151
            ],
            [
              118.9280734,
              32.1211804
            ],
            [
              118.9283526,
              32.1213184
            ],
            [
              118.9283246,
              32.121359
            ],
            [
              118.9283584,
              32.1213757
            ],
            [
              118.9283355,
              32.1214089
            ],
            [
              118.9280871,
              32.1212861
            ],
            [
              118.9280579,
              32.1213285
            ],
            [
              118.9279424,
              32.1212715
            ],
            [
              118.9278993,
              32.1212502
            ]
          ]
        ]
      }
    },
    {
      "type": "Feature",
      "id": "osm:way:225255196",
      "properties": {
        "featureType": "BUILDING",
        "campusCode": "NJUPT_XIANLIN",
        "externalId": "osm:way:225255196",
        "name": "41",
        "dataSource": "OPENSTREETMAP",
        "verificationStatus": "SOURCE_VERIFIED",
        "sourceId": "osm-xianlin-2026-08-22",
        "sourceUpdatedAt": null,
        "osmType": "way",
        "osmId": 225255196,
        "aliases": [
          "41号楼",
          "41号宿舍"
        ],
        "category": "DORMITORY",
        "minHeight": 0,
        "color": "#D8DDE1",
        "height": 19.8,
        "heightSource": "ESTIMATED_FROM_LEVELS",
        "officialName": null,
        "displayName": "41号楼",
        "labelVisible": true,
        "dormitoryCandidate": {
          "number": "41",
          "displayName": "41号楼",
          "confidence": "HIGH",
          "evidence": "OSM source name begins with the explicit number 41; no spatial-order inference used"
        }
      },
      "geometry": {
        "type": "Polygon",
        "coordinates": [
          [
            [
              118.9280531,
              32.1210223
            ],
            [
              118.9281104,
              32.1209399
            ],
            [
              118.9281601,
              32.1209644
            ],
            [
              118.9281949,
              32.1209815
            ],
            [
              118.9282212,
              32.1209432
            ],
            [
              118.9285119,
              32.1210863
            ],
            [
              118.9284826,
              32.121129
            ],
            [
              118.9285128,
              32.1211439
            ],
            [
              118.9284858,
              32.1211832
            ],
            [
              118.9282399,
              32.1210621
            ],
            [
              118.9282131,
              32.1211012
            ],
            [
              118.9281496,
              32.1210714
            ],
            [
              118.9280734,
              32.1211804
            ],
            [
              118.9280495,
              32.1212151
            ],
            [
              118.9279547,
              32.1211681
            ],
            [
              118.9280531,
              32.1210223
            ]
          ]
        ]
      }
    }
  ]
}
