{
  "type": "FeatureCollection",
  "name": "njupt-xianlin-real-v1-surfaces",
  "metadata": {
    "datasetId": "njupt-xianlin-real-v1",
    "layer": "surfaces",
    "dataSource": "OPENSTREETMAP",
    "sourceId": "osm-xianlin-2026-08-22",
    "license": "ODbL-1.0",
    "requiredAttribution": "© OpenStreetMap contributors",
    "retrievedAt": "2026-08-22",
    "coordinateSystem": "EPSG:4326",
    "verificationStatus": "SOURCE_VERIFIED"
  },
  "features": [
    {
      "type": "Feature",
      "id": "osm:way:223859836",
      "properties": {
        "featureType": "WATER",
        "campusCode": "NJUPT_XIANLIN",
        "externalId": "osm:way:223859836",
        "name": "未命名水体",
        "dataSource": "OPENSTREETMAP",
        "verificationStatus": "SOURCE_VERIFIED",
        "sourceId": "osm-xianlin-2026-08-22",
        "sourceUpdatedAt": null,
        "osmType": "way",
        "osmId": 223859836,
        "priority": 35
      },
      "geometry": {
        "type": "Polygon",
        "coordinates": [
          [
            [
              118.9247387,
              32.1092232
            ],
            [
              118.9246851,
              32.1092118
            ],
            [
              118.9246422,
              32.1091982
            ],
            [
              118.9246073,
              32.1091846
            ],
            [
              118.9245805,
              32.1091664
            ],
            [
              118.9245671,
              32.1091391
            ],
            [
              118.9245698,
              32.109096
            ],
            [
              118.9245778,
              32.1090596
            ],
            [
              118.9245858,
              32.1090278
            ],
            [
              118.9245805,
              32.1090074
            ],
            [
              118.9245537,
              32.1089983
            ],
            [
              118.9245215,
              32.1089869
            ],
            [
              118.9244973,
              32.1089687
            ],
            [
              118.9244947,
              32.1089483
            ],
            [
              118.9245188,
              32.1089392
            ],
            [
              118.9245644,
              32.1089347
            ],
            [
              118.9245993,
              32.108946
            ],
            [
              118.9246127,
              32.1089756
            ],
            [
              118.9246368,
              32.1090074
            ],
            [
              118.9246609,
              32.1090346
            ],
            [
              118.924677,
              32.1090619
            ],
            [
              118.9246905,
              32.1090937
            ],
            [
              118.9246958,
              32.10913
            ],
            [
              118.9247092,
              32.1091573
            ],
            [
              118.924728,
              32.1091732
            ],
            [
              118.9247495,
              32.1091891
            ],
            [
              118.9247564,
              32.1092097
            ],
            [
              118.9247387,
              32.1092232
            ]
          ]
        ]
      }
    },
    {
      "type": "Feature",
      "id": "osm:way:224938954",
      "properties": {
        "featureType": "WATER",
        "campusCode": "NJUPT_XIANLIN",
        "externalId": "osm:way:224938954",
        "name": "未命名水体",
        "dataSource": "OPENSTREETMAP",
        "verificationStatus": "SOURCE_VERIFIED",
        "sourceId": "osm-xianlin-2026-08-22",
        "sourceUpdatedAt": null,
        "osmType": "way",
        "osmId": 224938954,
        "priority": 35
      },
      "geometry": {
        "type": "Polygon",
        "coordinates": [
          [
            [
              118.9262152,
              32.1085496
            ],
            [
              118.9262149,
              32.1084797
            ],
            [
              118.9262148,
              32.1084533
            ],
            [
              118.9262144,
              32.1083563
            ],
            [
              118.9263825,
              32.1083559
            ],
            [
              118.9263829,
              32.1084526
            ],
            [
              118.926383,
              32.108479
            ],
            [
              118.9263836,
              32.1085486
            ],
            [
              118.9262152,
              32.1085496
            ]
          ]
        ]
      }
    },
    {
      "type": "Feature",
      "id": "osm:way:224939064",
      "properties": {
        "featureType": "GREEN",
        "campusCode": "NJUPT_XIANLIN",
        "externalId": "osm:way:224939064",
        "name": "未命名绿地",
        "dataSource": "OPENSTREETMAP",
        "verificationStatus": "SOURCE_VERIFIED",
        "sourceId": "osm-xianlin-2026-08-22",
        "sourceUpdatedAt": null,
        "osmType": "way",
        "osmId": 224939064,
        "priority": 35
      },
      "geometry": {
        "type": "Polygon",
        "coordinates": [
          [
            [
              118.9262217,
              32.1082641
            ],
            [
              118.9263913,
              32.108263
            ],
            [
              118.9263879,
              32.1078922
            ],
            [
              118.9262183,
              32.1078933
            ],
            [
              118.9262217,
              32.1082641
            ]
          ]
        ]
      }
    },
    {
      "type": "Feature",
      "id": "osm:way:224939102",
      "properties": {
        "featureType": "GREEN",
        "campusCode": "NJUPT_XIANLIN",
        "externalId": "osm:way:224939102",
        "name": "未命名绿地",
        "dataSource": "OPENSTREETMAP",
        "verificationStatus": "SOURCE_VERIFIED",
        "sourceId": "osm-xianlin-2026-08-22",
        "sourceUpdatedAt": null,
        "osmType": "way",
        "osmId": 224939102,
        "priority": 35
      },
      "geometry": {
        "type": "Polygon",
        "coordinates": [
          [
            [
              118.9259994,
              32.1082732
            ],
            [
              118.9259987,
              32.1076994
            ],
            [
              118.92607,
              32.107725
            ],
            [
              118.926071,
              32.1082732
            ],
            [
              118.9259994,
              32.1082732
            ]
          ]
        ]
      }
    },
    {
      "type": "Feature",
      "id": "osm:way:224939105",
      "properties": {
        "featureType": "GREEN",
        "campusCode": "NJUPT_XIANLIN",
        "externalId": "osm:way:224939105",
        "name": "未命名绿地",
        "dataSource": "OPENSTREETMAP",
        "verificationStatus": "SOURCE_VERIFIED",
        "sourceId": "osm-xianlin-2026-08-22",
        "sourceUpdatedAt": null,
        "osmType": "way",
        "osmId": 224939105,
        "priority": 35
      },
      "geometry": {
        "type": "Polygon",
        "coordinates": [
          [
            [
              118.926527,
              32.1082676
            ],
            [
              118.9265294,
              32.1078705
            ],
            [
              118.9265945,
              32.1078905
            ],
            [
              118.9265986,
              32.1082663
            ],
            [
              118.926527,
              32.1082676
            ]
          ]
        ]
      }
    },
    {
      "type": "Feature",
      "id": "osm:way:224939149",
      "properties": {
        "featureType": "GREEN",
        "campusCode": "NJUPT_XIANLIN",
        "externalId": "osm:way:224939149",
        "name": "未命名绿地",
        "dataSource": "OPENSTREETMAP",
        "verificationStatus": "SOURCE_VERIFIED",
        "sourceId": "osm-xianlin-2026-08-22",
        "sourceUpdatedAt": null,
        "osmType": "way",
        "osmId": 224939149,
        "priority": 35
      },
      "geometry": {
        "type": "Polygon",
        "coordinates": [
          [
            [
              118.9240516,
              32.1087331
            ],
            [
              118.9240376,
              32.1086888
            ],
            [
              118.9239992,
              32.1086563
            ],
            [
              118.9239468,
              32.1086444
            ],
            [
              118.9238945,
              32.1086563
            ],
            [
              118.9238561,
              32.1086888
            ],
            [
              118.9238421,
              32.1087331
            ],
            [
              118.9238561,
              32.1087775
            ],
            [
              118.9238945,
              32.10881
            ],
            [
              118.9239468,
              32.1088219
            ],
            [
              118.9239992,
              32.10881
            ],
            [
              118.9240376,
              32.1087775
            ],
            [
              118.9240516,
              32.1087331
            ]
          ]
        ]
      }
    },
    {
      "type": "Feature",
      "id": "osm:way:224939486",
      "properties": {
        "featureType": "GREEN",
        "campusCode": "NJUPT_XIANLIN",
        "externalId": "osm:way:224939486",
        "name": "未命名绿地",
        "dataSource": "OPENSTREETMAP",
        "verificationStatus": "SOURCE_VERIFIED",
        "sourceId": "osm-xianlin-2026-08-22",
        "sourceUpdatedAt": null,
        "osmType": "way",
        "osmId": 224939486,
        "priority": 35
      },
      "geometry": {
        "type": "Polygon",
        "coordinates": [
          [
            [
              118.9231056,
              32.1086959
            ],
            [
              118.9234577,
              32.1087009
            ],
            [
              118.9234904,
              32.1086846
            ],
            [
              118.9235134,
              32.1086553
            ],
            [
              118.9235134,
              32.1082562
            ],
            [
              118.9234923,
              32.1082122
            ],
            [
              118.9234519,
              32.1082008
            ],
            [
              118.9232711,
              32.1081943
            ],
            [
              118.9232827,
              32.1079825
            ],
            [
              118.9233096,
              32.1079271
            ],
            [
              118.9233615,
              32.1078962
            ],
            [
              118.9234327,
              32.1078815
            ],
            [
              118.9234288,
              32.1079271
            ],
            [
              118.9233692,
              32.1079451
            ],
            [
              118.9233384,
              32.1079727
            ],
            [
              118.9233288,
              32.1080118
            ],
            [
              118.9233269,
              32.1080721
            ],
            [
              118.9233423,
              32.1081226
            ],
            [
              118.9233673,
              32.1081422
            ],
            [
              118.9234115,
              32.1081568
            ],
            [
              118.9234711,
              32.1081584
            ],
            [
              118.9235077,
              32.1081324
            ],
            [
              118.9235154,
              32.1080982
            ],
            [
              118.9235231,
              32.1078147
            ],
            [
              118.92355,
              32.1077659
            ],
            [
              118.9236365,
              32.1077186
            ],
            [
              118.9237442,
              32.1077105
            ],
            [
              118.9239253,
              32.1077209
            ],
            [
              118.9241539,
              32.1077322
            ],
            [
              118.9243958,
              32.1077259
            ],
            [
              118.9246168,
              32.1077372
            ],
            [
              118.9247683,
              32.1077748
            ],
            [
              118.9249441,
              32.1078421
            ],
            [
              118.9250964,
              32.107906
            ],
            [
              118.9252052,
              32.1079811
            ],
            [
              118.9252822,
              32.1080676
            ],
            [
              118.9253132,
              32.1081598
            ],
            [
              118.9253132,
              32.1082697
            ],
            [
              118.9252747,
              32.1083441
            ],
            [
              118.9251801,
              32.1084356
            ],
            [
              118.9251592,
              32.1084689
            ],
            [
              118.9251433,
              32.10852
            ],
            [
              118.9251449,
              32.1085923
            ],
            [
              118.925155,
              32.1086249
            ],
            [
              118.9257351,
              32.1086327
            ],
            [
              118.9257945,
              32.1086051
            ],
            [
              118.925828,
              32.108549
            ],
            [
              118.925828,
              32.1081761
            ],
            [
              118.9258305,
              32.107862
            ],
            [
              118.9257987,
              32.1078251
            ],
            [
              118.925669,
              32.1077734
            ],
            [
              118.9250512,
              32.1075855
            ],
            [
              118.9241513,
              32.1073054
            ],
            [
              118.9234373,
              32.10707
            ],
            [
              118.9232006,
              32.1070028
            ],
            [
              118.9230682,
              32.1069762
            ],
            [
              118.9230666,
              32.1070548
            ],
            [
              118.9230682,
              32.1071834
            ],
            [
              118.9230714,
              32.1073013
            ],
            [
              118.9230787,
              32.1075615
            ],
            [
              118.9230926,
              32.1079297
            ],
            [
              118.9230876,
              32.1082582
            ],
            [
              118.923097,
              32.1084335
            ],
            [
              118.9231056,
              32.1086959
            ]
          ]
        ]
      }
    },
    {
      "type": "Feature",
      "id": "osm:way:224939777",
      "properties": {
        "featureType": "GREEN",
        "campusCode": "NJUPT_XIANLIN",
        "externalId": "osm:way:224939777",
        "name": "未命名绿地",
        "dataSource": "OPENSTREETMAP",
        "verificationStatus": "SOURCE_VERIFIED",
        "sourceId": "osm-xianlin-2026-08-22",
        "sourceUpdatedAt": null,
        "osmType": "way",
        "osmId": 224939777,
        "priority": 35
      },
      "geometry": {
        "type": "Polygon",
        "coordinates": [
          [
            [
              118.9251558,
              32.1091647
            ],
            [
              118.9251657,
              32.1088391
            ],
            [
              118.9259985,
              32.1088434
            ],
            [
              118.9259959,
              32.1089353
            ],
            [
              118.9260384,
              32.10894
            ],
            [
              118.9260382,
              32.1090462
            ],
            [
              118.9260038,
              32.1090996
            ],
            [
              118.9260049,
              32.109024
            ],
            [
              118.9254227,
              32.1090177
            ],
            [
              118.9253756,
              32.109166
            ],
            [
              118.9251558,
              32.1091647
            ]
          ]
        ]
      }
    },
    {
      "type": "Feature",
      "id": "osm:way:223859812",
      "properties": {
        "featureType": "SPORT",
        "campusCode": "NJUPT_XIANLIN",
        "externalId": "osm:way:223859812",
        "name": "南区运动场",
        "dataSource": "OPENSTREETMAP",
        "verificationStatus": "SOURCE_VERIFIED",
        "sourceId": "osm-xianlin-2026-08-22",
        "sourceUpdatedAt": null,
        "osmType": "way",
        "osmId": 223859812,
        "priority": 35
      },
      "geometry": {
        "type": "Polygon",
        "coordinates": [
          [
            [
              118.9284806,
              32.1166914
            ],
            [
              118.9284819,
              32.116525
            ],
            [
              118.9284859,
              32.1159948
            ],
            [
              118.9285872,
              32.1159948
            ],
            [
              118.928666,
              32.1159217
            ],
            [
              118.9287335,
              32.1158756
            ],
            [
              118.928801,
              32.1158502
            ],
            [
              118.9288817,
              32.1158343
            ],
            [
              118.9289642,
              32.115828
            ],
            [
              118.9290711,
              32.1158375
            ],
            [
              118.9291612,
              32.1158629
            ],
            [
              118.9292362,
              32.1159042
            ],
            [
              118.9293112,
              32.115963
            ],
            [
              118.9293375,
              32.1159964
            ],
            [
              118.9294594,
              32.1159964
            ],
            [
              118.9294557,
              32.1170878
            ],
            [
              118.9294557,
              32.1172991
            ],
            [
              118.9293288,
              32.1173016
            ],
            [
              118.9292756,
              32.1173579
            ],
            [
              118.9291878,
              32.1174085
            ],
            [
              118.9290867,
              32.1174455
            ],
            [
              118.9289736,
              32.1174579
            ],
            [
              118.9288554,
              32.11745
            ],
            [
              118.9287703,
              32.1174257
            ],
            [
              118.9286716,
              32.1173722
            ],
            [
              118.9285904,
              32.1173048
            ],
            [
              118.9284822,
              32.1173007
            ],
            [
              118.9284806,
              32.1166914
            ]
          ]
        ]
      }
    },
    {
      "type": "Feature",
      "id": "osm:way:223859818",
      "properties": {
        "featureType": "SPORT",
        "campusCode": "NJUPT_XIANLIN",
        "externalId": "osm:way:223859818",
        "name": "南区篮球场",
        "dataSource": "OPENSTREETMAP",
        "verificationStatus": "SOURCE_VERIFIED",
        "sourceId": "osm-xianlin-2026-08-22",
        "sourceUpdatedAt": null,
        "osmType": "way",
        "osmId": 223859818,
        "priority": 35
      },
      "geometry": {
        "type": "Polygon",
        "coordinates": [
          [
            [
              118.9295075,
              32.1172363
            ],
            [
              118.9302289,
              32.1172389
            ],
            [
              118.9302236,
              32.1169311
            ],
            [
              118.9300574,
              32.116931
            ],
            [
              118.9300579,
              32.1163824
            ],
            [
              118.9298754,
              32.1163823
            ],
            [
              118.9298662,
              32.1158156
            ],
            [
              118.9294937,
              32.1158184
            ],
            [
              118.9295075,
              32.1172363
            ]
          ]
        ]
      }
    },
    {
      "type": "Feature",
      "id": "osm:way:223859823",
      "properties": {
        "featureType": "WATER",
        "campusCode": "NJUPT_XIANLIN",
        "externalId": "osm:way:223859823",
        "name": "中博湖",
        "dataSource": "OPENSTREETMAP",
        "verificationStatus": "SOURCE_VERIFIED",
        "sourceId": "osm-xianlin-2026-08-22",
        "sourceUpdatedAt": null,
        "osmType": "way",
        "osmId": 223859823,
        "priority": 35
      },
      "geometry": {
        "type": "Polygon",
        "coordinates": [
          [
            [
              118.9271154,
              32.1089623
            ],
            [
              118.9271852,
              32.1089824
            ],
            [
              118.9272652,
              32.1087747
            ],
            [
              118.9271425,
              32.1087433
            ],
            [
              118.9270244,
              32.1087179
            ],
            [
              118.9270389,
              32.1086661
            ],
            [
              118.9270013,
              32.1086298
            ],
            [
              118.9269171,
              32.1086141
            ],
            [
              118.9268487,
              32.1085974
            ],
            [
              118.9268274,
              32.1085742
            ],
            [
              118.9268304,
              32.108252
            ],
            [
              118.9268705,
              32.1082901
            ],
            [
              118.9269423,
              32.108339
            ],
            [
              118.9270257,
              32.1083818
            ],
            [
              118.9271193,
              32.1084299
            ],
            [
              118.9272036,
              32.108452
            ],
            [
              118.9273446,
              32.1084889
            ],
            [
              118.9274573,
              32.1085162
            ],
            [
              118.9275581,
              32.1085184
            ],
            [
              118.9276611,
              32.1085207
            ],
            [
              118.9277631,
              32.1085389
            ],
            [
              118.9278509,
              32.1085608
            ],
            [
              118.9279347,
              32.1085844
            ],
            [
              118.9280366,
              32.1086162
            ],
            [
              118.9282026,
              32.1086738
            ],
            [
              118.9282852,
              32.1087025
            ],
            [
              118.9283639,
              32.1087298
            ],
            [
              118.9283961,
              32.1087752
            ],
            [
              118.9284336,
              32.1088388
            ],
            [
              118.9284443,
              32.1089206
            ],
            [
              118.9283853,
              32.1089842
            ],
            [
              118.9283478,
              32.1090387
            ],
            [
              118.9283531,
              32.1090978
            ],
            [
              118.9282941,
              32.1091251
            ],
            [
              118.9281761,
              32.1091205
            ],
            [
              118.9281117,
              32.109116
            ],
            [
              118.9280667,
              32.1091581
            ],
            [
              118.9278951,
              32.1090548
            ],
            [
              118.9278185,
              32.1090122
            ],
            [
              118.9276829,
              32.1091919
            ],
            [
              118.9278424,
              32.1092778
            ],
            [
              118.9278604,
              32.1093329
            ],
            [
              118.9279456,
              32.1094013
            ],
            [
              118.9279508,
              32.1094477
            ],
            [
              118.9279776,
              32.1094886
            ],
            [
              118.9280023,
              32.1095347
            ],
            [
              118.9280045,
              32.109584
            ],
            [
              118.9280098,
              32.1096431
            ],
            [
              118.9279999,
              32.1096897
            ],
            [
              118.9279776,
              32.1097385
            ],
            [
              118.9279508,
              32.109793
            ],
            [
              118.9279007,
              32.109853
            ],
            [
              118.9278221,
              32.1098839
            ],
            [
              118.927747,
              32.1099066
            ],
            [
              118.9276558,
              32.1099157
            ],
            [
              118.9275646,
              32.1099384
            ],
            [
              118.9274734,
              32.1099657
            ],
            [
              118.9273822,
              32.109993
            ],
            [
              118.9272964,
              32.1100202
            ],
            [
              118.9272052,
              32.1100566
            ],
            [
              118.9271408,
              32.1100929
            ],
            [
              118.9270603,
              32.1101384
            ],
            [
              118.9269799,
              32.1101611
            ],
            [
              118.9268833,
              32.1101656
            ],
            [
              118.9267921,
              32.1101474
            ],
            [
              118.9267063,
              32.1101156
            ],
            [
              118.9266687,
              32.1100838
            ],
            [
              118.9266365,
              32.1100475
            ],
            [
              118.9266204,
              32.109993
            ],
            [
              118.9266097,
              32.1099293
            ],
            [
              118.9266145,
              32.1094128
            ],
            [
              118.9266556,
              32.109402
            ],
            [
              118.9266747,
              32.1094028
            ],
            [
              118.9267401,
              32.109444
            ],
            [
              118.9267924,
              32.1094608
            ],
            [
              118.9268497,
              32.1094735
            ],
            [
              118.9269121,
              32.1094752
            ],
            [
              118.9269748,
              32.1094556
            ],
            [
              118.9270271,
              32.1094236
            ],
            [
              118.9270636,
              32.1093864
            ],
            [
              118.9270737,
              32.1093775
            ],
            [
              118.9270874,
              32.1093736
            ],
            [
              118.9272051,
              32.1093727
            ],
            [
              118.9272169,
              32.1093719
            ],
            [
              118.9272256,
              32.1093673
            ],
            [
              118.9272809,
              32.1092296
            ],
            [
              118.9272752,
              32.109193
            ],
            [
              118.9272574,
              32.1091515
            ],
            [
              118.9272202,
              32.1091174
            ],
            [
              118.9271847,
              32.1090967
            ],
            [
              118.9271393,
              32.1090836
            ],
            [
              118.9271084,
              32.1090406
            ],
            [
              118.9271031,
              32.1090065
            ],
            [
              118.9271154,
              32.1089623
            ]
          ]
        ]
      }
    },
    {
      "type": "Feature",
      "id": "osm:way:224937908",
      "properties": {
        "featureType": "GREEN",
        "campusCode": "NJUPT_XIANLIN",
        "externalId": "osm:way:224937908",
        "name": "未命名绿地",
        "dataSource": "OPENSTREETMAP",
        "verificationStatus": "SOURCE_VERIFIED",
        "sourceId": "osm-xianlin-2026-08-22",
        "sourceUpdatedAt": null,
        "osmType": "way",
        "osmId": 224937908,
        "priority": 35
      },
      "geometry": {
        "type": "Polygon",
        "coordinates": [
          [
            [
              118.9265188,
              32.1132907
            ],
            [
              118.9266364,
              32.1132927
            ],
            [
              118.9269011,
              32.1132973
            ],
            [
              118.9274495,
              32.1133068
            ],
            [
              118.9274457,
              32.1125993
            ],
            [
              118.9274805,
              32.1122308
            ],
            [
              118.927522,
              32.1118174
            ],
            [
              118.927552,
              32.1116798
            ],
            [
              118.9276249,
              32.1113425
            ],
            [
              118.9277165,
              32.1110776
            ],
            [
              118.9278271,
              32.1107933
            ],
            [
              118.9278757,
              32.1106791
            ],
            [
              118.9281361,
              32.1101245
            ],
            [
              118.9283115,
              32.1098466
            ],
            [
              118.9283497,
              32.1097594
            ],
            [
              118.9283113,
              32.1096948
            ],
            [
              118.928297,
              32.1096196
            ],
            [
              118.9283153,
              32.1095526
            ],
            [
              118.9280636,
              32.1094266
            ],
            [
              118.9278424,
              32.1092778
            ],
            [
              118.9278604,
              32.1093329
            ],
            [
              118.9279456,
              32.1094013
            ],
            [
              118.9279508,
              32.1094477
            ],
            [
              118.9279776,
              32.1094886
            ],
            [
              118.9280023,
              32.1095347
            ],
            [
              118.9280045,
              32.109584
            ],
            [
              118.9280098,
              32.1096431
            ],
            [
              118.9279999,
              32.1096897
            ],
            [
              118.9279776,
              32.1097385
            ],
            [
              118.9279508,
              32.109793
            ],
            [
              118.9279007,
              32.109853
            ],
            [
              118.9278221,
              32.1098839
            ],
            [
              118.927747,
              32.1099066
            ],
            [
              118.9276558,
              32.1099157
            ],
            [
              118.9275646,
              32.1099384
            ],
            [
              118.9274734,
              32.1099657
            ],
            [
              118.9273822,
              32.109993
            ],
            [
              118.9272964,
              32.1100202
            ],
            [
              118.9272052,
              32.1100566
            ],
            [
              118.9271408,
              32.1100929
            ],
            [
              118.9270603,
              32.1101384
            ],
            [
              118.9269799,
              32.1101611
            ],
            [
              118.9268833,
              32.1101656
            ],
            [
              118.9267921,
              32.1101474
            ],
            [
              118.9267063,
              32.1101156
            ],
            [
              118.9266687,
              32.1100838
            ],
            [
              118.9266365,
              32.1100475
            ],
            [
              118.9266204,
              32.109993
            ],
            [
              118.9266097,
              32.1099293
            ],
            [
              118.9266145,
              32.1094128
            ],
            [
              118.9266616,
              32.1093841
            ],
            [
              118.9266217,
              32.1093623
            ],
            [
              118.9265885,
              32.1093841
            ],
            [
              118.9265722,
              32.1099888
            ],
            [
              118.9265379,
              32.110047
            ],
            [
              118.9265346,
              32.1103201
            ],
            [
              118.9265254,
              32.1112067
            ],
            [
              118.9265248,
              32.1122262
            ],
            [
              118.9265185,
              32.112651
            ],
            [
              118.9265188,
              32.1132076
            ],
            [
              118.9265188,
              32.1132907
            ]
          ]
        ]
      }
    },
    {
      "type": "Feature",
      "id": "osm:way:224939759",
      "properties": {
        "featureType": "GREEN",
        "campusCode": "NJUPT_XIANLIN",
        "externalId": "osm:way:224939759",
        "name": "教1小公园",
        "dataSource": "OPENSTREETMAP",
        "verificationStatus": "SOURCE_VERIFIED",
        "sourceId": "osm-xianlin-2026-08-22",
        "sourceUpdatedAt": null,
        "osmType": "way",
        "osmId": 224939759,
        "priority": 35
      },
      "geometry": {
        "type": "Polygon",
        "coordinates": [
          [
            [
              118.9239972,
              32.1094456
            ],
            [
              118.9250737,
              32.1094476
            ],
            [
              118.9250783,
              32.1088107
            ],
            [
              118.9241981,
              32.1088114
            ],
            [
              118.9241583,
              32.1088741
            ],
            [
              118.9240881,
              32.1089206
            ],
            [
              118.9240066,
              32.1089496
            ],
            [
              118.9239972,
              32.1094456
            ]
          ]
        ]
      }
    },
    {
      "type": "Feature",
      "id": "osm:way:224939766",
      "properties": {
        "featureType": "GREEN",
        "campusCode": "NJUPT_XIANLIN",
        "externalId": "osm:way:224939766",
        "name": "未命名绿地",
        "dataSource": "OPENSTREETMAP",
        "verificationStatus": "SOURCE_VERIFIED",
        "sourceId": "osm-xianlin-2026-08-22",
        "sourceUpdatedAt": null,
        "osmType": "way",
        "osmId": 224939766,
        "priority": 35
      },
      "geometry": {
        "type": "Polygon",
        "coordinates": [
          [
            [
              118.9251548,
              32.1094541
            ],
            [
              118.9253974,
              32.1094556
            ],
            [
              118.9253988,
              32.1092589
            ],
            [
              118.9251503,
              32.1092652
            ],
            [
              118.9251548,
              32.1094541
            ]
          ]
        ]
      }
    },
    {
      "type": "Feature",
      "id": "osm:way:224939838",
      "properties": {
        "featureType": "GREEN",
        "campusCode": "NJUPT_XIANLIN",
        "externalId": "osm:way:224939838",
        "name": "未命名绿地",
        "dataSource": "OPENSTREETMAP",
        "verificationStatus": "SOURCE_VERIFIED",
        "sourceId": "osm-xianlin-2026-08-22",
        "sourceUpdatedAt": null,
        "osmType": "way",
        "osmId": 224939838,
        "priority": 35
      },
      "geometry": {
        "type": "Polygon",
        "coordinates": [
          [
            [
              118.9296239,
              32.1100531
            ],
            [
              118.9299354,
              32.1102163
            ],
            [
              118.9303522,
              32.1095537
            ],
            [
              118.930435,
              32.109428
            ],
            [
              118.9304436,
              32.1093554
            ],
            [
              118.9303208,
              32.1092835
            ],
            [
              118.9300831,
              32.1091842
            ],
            [
              118.9296597,
              32.1090131
            ],
            [
              118.9291842,
              32.1088338
            ],
            [
              118.9283603,
              32.1085938
            ],
            [
              118.9278848,
              32.1084586
            ],
            [
              118.9276796,
              32.1084283
            ],
            [
              118.9275494,
              32.1084145
            ],
            [
              118.9273768,
              32.1083566
            ],
            [
              118.9271553,
              32.1082931
            ],
            [
              118.9269827,
              32.1082545
            ],
            [
              118.926872,
              32.1081883
            ],
            [
              118.9267612,
              32.1081414
            ],
            [
              118.9267547,
              32.1085193
            ],
            [
              118.9267612,
              32.1086242
            ],
            [
              118.9267938,
              32.1086711
            ],
            [
              118.9268329,
              32.1086986
            ],
            [
              118.9269013,
              32.1087097
            ],
            [
              118.9270244,
              32.1087179
            ],
            [
              118.9270389,
              32.1086661
            ],
            [
              118.9270013,
              32.1086298
            ],
            [
              118.9269171,
              32.1086141
            ],
            [
              118.9268487,
              32.1085974
            ],
            [
              118.9268274,
              32.1085742
            ],
            [
              118.9268304,
              32.108252
            ],
            [
              118.9268705,
              32.1082901
            ],
            [
              118.9269423,
              32.108339
            ],
            [
              118.9270257,
              32.1083818
            ],
            [
              118.9271193,
              32.1084299
            ],
            [
              118.9272036,
              32.108452
            ],
            [
              118.9273446,
              32.1084889
            ],
            [
              118.9274573,
              32.1085162
            ],
            [
              118.9275581,
              32.1085184
            ],
            [
              118.9276611,
              32.1085207
            ],
            [
              118.9277631,
              32.1085389
            ],
            [
              118.9278509,
              32.1085608
            ],
            [
              118.9279347,
              32.1085844
            ],
            [
              118.9280366,
              32.1086162
            ],
            [
              118.9282026,
              32.1086738
            ],
            [
              118.9282852,
              32.1087025
            ],
            [
              118.9283639,
              32.1087298
            ],
            [
              118.9283961,
              32.1087752
            ],
            [
              118.9284336,
              32.1088388
            ],
            [
              118.9284443,
              32.1089206
            ],
            [
              118.9283853,
              32.1089842
            ],
            [
              118.9283478,
              32.1090387
            ],
            [
              118.9283531,
              32.1090978
            ],
            [
              118.9282941,
              32.1091251
            ],
            [
              118.9281761,
              32.1091205
            ],
            [
              118.9281117,
              32.109116
            ],
            [
              118.9280667,
              32.1091581
            ],
            [
              118.9284374,
              32.1093816
            ],
            [
              118.9284692,
              32.1094
            ],
            [
              118.9285914,
              32.1093731
            ],
            [
              118.9287069,
              32.1093944
            ],
            [
              118.9287956,
              32.1094454
            ],
            [
              118.9288542,
              32.1095206
            ],
            [
              118.928876,
              32.1095872
            ],
            [
              118.9288559,
              32.1096723
            ],
            [
              118.9288593,
              32.1096851
            ],
            [
              118.9296239,
              32.1100531
            ]
          ]
        ]
      }
    },
    {
      "type": "Feature",
      "id": "osm:way:224940111",
      "properties": {
        "featureType": "GREEN",
        "campusCode": "NJUPT_XIANLIN",
        "externalId": "osm:way:224940111",
        "name": "未命名绿地",
        "dataSource": "OPENSTREETMAP",
        "verificationStatus": "SOURCE_VERIFIED",
        "sourceId": "osm-xianlin-2026-08-22",
        "sourceUpdatedAt": null,
        "osmType": "way",
        "osmId": 224940111,
        "priority": 35
      },
      "geometry": {
        "type": "Polygon",
        "coordinates": [
          [
            [
              118.9283888,
              32.1101192
            ],
            [
              118.9283725,
              32.1100916
            ],
            [
              118.9285223,
              32.1098213
            ],
            [
              118.9286037,
              32.1098323
            ],
            [
              118.9286819,
              32.1098213
            ],
            [
              118.9287438,
              32.1097909
            ],
            [
              118.9287861,
              32.1097496
            ],
            [
              118.929889,
              32.110288
            ],
            [
              118.9296606,
              32.1106808
            ],
            [
              118.9295,
              32.1110378
            ],
            [
              118.9294225,
              32.1112332
            ],
            [
              118.9293469,
              32.1114622
            ],
            [
              118.9292356,
              32.1119404
            ],
            [
              118.9291779,
              32.1123581
            ],
            [
              118.9291719,
              32.1128245
            ],
            [
              118.9291938,
              32.113126
            ],
            [
              118.9292276,
              32.1133988
            ],
            [
              118.9293091,
              32.1137574
            ],
            [
              118.9293867,
              32.1140454
            ],
            [
              118.929502,
              32.1144529
            ],
            [
              118.9296252,
              32.1148621
            ],
            [
              118.929834,
              32.1155239
            ],
            [
              118.930005,
              32.1160914
            ],
            [
              118.930168,
              32.1166319
            ],
            [
              118.9303549,
              32.1172364
            ],
            [
              118.9304968,
              32.117908
            ],
            [
              118.9305071,
              32.1180483
            ],
            [
              118.9303368,
              32.1179639
            ],
            [
              118.9303497,
              32.1179112
            ],
            [
              118.9303239,
              32.1178076
            ],
            [
              118.9303167,
              32.117786
            ],
            [
              118.9303035,
              32.1177773
            ],
            [
              118.9303026,
              32.1174519
            ],
            [
              118.930302,
              32.1172388
            ],
            [
              118.9302289,
              32.1172389
            ],
            [
              118.9302236,
              32.1169311
            ],
            [
              118.9300574,
              32.116931
            ],
            [
              118.9300579,
              32.1163824
            ],
            [
              118.9298754,
              32.1163823
            ],
            [
              118.9298662,
              32.1158156
            ],
            [
              118.9297642,
              32.1155122
            ],
            [
              118.9296386,
              32.1150899
            ],
            [
              118.9294898,
              32.1146034
            ],
            [
              118.9294035,
              32.1143223
            ],
            [
              118.9292834,
              32.1138962
            ],
            [
              118.9291663,
              32.1132904
            ],
            [
              118.9291293,
              32.1128949
            ],
            [
              118.9291293,
              32.1125597
            ],
            [
              118.9291406,
              32.1122607
            ],
            [
              118.9291639,
              32.1120998
            ],
            [
              118.929203,
              32.1118709
            ],
            [
              118.9292681,
              32.1114599
            ],
            [
              118.9293528,
              32.1112612
            ],
            [
              118.9293658,
              32.1111923
            ],
            [
              118.9293267,
              32.1111261
            ],
            [
              118.9292388,
              32.1110626
            ],
            [
              118.9291053,
              32.1109937
            ],
            [
              118.9290466,
              32.1109909
            ],
            [
              118.9290271,
              32.1102378
            ],
            [
              118.9290076,
              32.1101716
            ],
            [
              118.9289196,
              32.1101302
            ],
            [
              118.9287894,
              32.1101192
            ],
            [
              118.9284213,
              32.1101302
            ],
            [
              118.9283888,
              32.1101192
            ]
          ]
        ]
      }
    },
    {
      "type": "Feature",
      "id": "osm:way:225002058",
      "properties": {
        "featureType": "GREEN",
        "campusCode": "NJUPT_XIANLIN",
        "externalId": "osm:way:225002058",
        "name": "未命名绿地",
        "dataSource": "OPENSTREETMAP",
        "verificationStatus": "SOURCE_VERIFIED",
        "sourceId": "osm-xianlin-2026-08-22",
        "sourceUpdatedAt": null,
        "osmType": "way",
        "osmId": 225002058,
        "priority": 35
      },
      "geometry": {
        "type": "Polygon",
        "coordinates": [
          [
            [
              118.9284401,
              32.11323
            ],
            [
              118.9280942,
              32.11323
            ],
            [
              118.9280928,
              32.1132684
            ],
            [
              118.928036,
              32.1132677
            ],
            [
              118.9279159,
              32.1132687
            ],
            [
              118.9279191,
              32.1133597
            ],
            [
              118.9279368,
              32.1133772
            ],
            [
              118.9284389,
              32.1133788
            ],
            [
              118.9284401,
              32.11323
            ]
          ]
        ]
      }
    },
    {
      "type": "Feature",
      "id": "osm:way:225002897",
      "properties": {
        "featureType": "GREEN",
        "campusCode": "NJUPT_XIANLIN",
        "externalId": "osm:way:225002897",
        "name": "未命名绿地",
        "dataSource": "OPENSTREETMAP",
        "verificationStatus": "SOURCE_VERIFIED",
        "sourceId": "osm-xianlin-2026-08-22",
        "sourceUpdatedAt": null,
        "osmType": "way",
        "osmId": 225002897,
        "priority": 35
      },
      "geometry": {
        "type": "Polygon",
        "coordinates": [
          [
            [
              118.9279345,
              32.1122814
            ],
            [
              118.9279347,
              32.1122179
            ],
            [
              118.9284762,
              32.1122169
            ],
            [
              118.9284763,
              32.1123283
            ],
            [
              118.9280361,
              32.1123265
            ],
            [
              118.9280359,
              32.1123648
            ],
            [
              118.9279602,
              32.1123645
            ],
            [
              118.92796,
              32.1122818
            ],
            [
              118.9279345,
              32.1122814
            ]
          ]
        ]
      }
    },
    {
      "type": "Feature",
      "id": "osm:way:225002899",
      "properties": {
        "featureType": "GREEN",
        "campusCode": "NJUPT_XIANLIN",
        "externalId": "osm:way:225002899",
        "name": "未命名绿地",
        "dataSource": "OPENSTREETMAP",
        "verificationStatus": "SOURCE_VERIFIED",
        "sourceId": "osm-xianlin-2026-08-22",
        "sourceUpdatedAt": null,
        "osmType": "way",
        "osmId": 225002899,
        "priority": 35
      },
      "geometry": {
        "type": "Polygon",
        "coordinates": [
          [
            [
              118.9279466,
              32.112142
            ],
            [
              118.9279493,
              32.1120986
            ],
            [
              118.9280672,
              32.1120987
            ],
            [
              118.9281335,
              32.1120991
            ],
            [
              118.9283065,
              32.1120971
            ],
            [
              118.9283055,
              32.112031
            ],
            [
              118.9284742,
              32.1120291
            ],
            [
              118.9284724,
              32.1121448
            ],
            [
              118.9279466,
              32.112142
            ]
          ]
        ]
      }
    },
    {
      "type": "Feature",
      "id": "osm:way:225006468",
      "properties": {
        "featureType": "GREEN",
        "campusCode": "NJUPT_XIANLIN",
        "externalId": "osm:way:225006468",
        "name": "未命名绿地",
        "dataSource": "OPENSTREETMAP",
        "verificationStatus": "SOURCE_VERIFIED",
        "sourceId": "osm-xianlin-2026-08-22",
        "sourceUpdatedAt": null,
        "osmType": "way",
        "osmId": 225006468,
        "priority": 35
      },
      "geometry": {
        "type": "Polygon",
        "coordinates": [
          [
            [
              118.928108,
              32.1134751
            ],
            [
              118.928108,
              32.1134337
            ],
            [
              118.9284626,
              32.1134337
            ],
            [
              118.9284853,
              32.1134427
            ],
            [
              118.9284959,
              32.1134568
            ],
            [
              118.9285035,
              32.1139483
            ],
            [
              118.9284944,
              32.1139624
            ],
            [
              118.9284091,
              32.1139637
            ],
            [
              118.9284061,
              32.1134738
            ],
            [
              118.928108,
              32.1134751
            ]
          ]
        ]
      }
    },
    {
      "type": "Feature",
      "id": "osm:way:225006469",
      "properties": {
        "featureType": "GREEN",
        "campusCode": "NJUPT_XIANLIN",
        "externalId": "osm:way:225006469",
        "name": "未命名绿地",
        "dataSource": "OPENSTREETMAP",
        "verificationStatus": "SOURCE_VERIFIED",
        "sourceId": "osm-xianlin-2026-08-22",
        "sourceUpdatedAt": null,
        "osmType": "way",
        "osmId": 225006469,
        "priority": 35
      },
      "geometry": {
        "type": "Polygon",
        "coordinates": [
          [
            [
              118.9281232,
              32.1144988
            ],
            [
              118.9284171,
              32.1145001
            ],
            [
              118.928458,
              32.1144937
            ],
            [
              118.9284959,
              32.1144732
            ],
            [
              118.928502,
              32.1140202
            ],
            [
              118.9284868,
              32.1140086
            ],
            [
              118.9284093,
              32.1140073
            ],
            [
              118.9284104,
              32.1144495
            ],
            [
              118.9281262,
              32.1144501
            ],
            [
              118.9281232,
              32.1144988
            ]
          ]
        ]
      }
    },
    {
      "type": "Feature",
      "id": "osm:way:225092101",
      "properties": {
        "featureType": "GREEN",
        "campusCode": "NJUPT_XIANLIN",
        "externalId": "osm:way:225092101",
        "name": "未命名绿地",
        "dataSource": "OPENSTREETMAP",
        "verificationStatus": "SOURCE_VERIFIED",
        "sourceId": "osm-xianlin-2026-08-22",
        "sourceUpdatedAt": null,
        "osmType": "way",
        "osmId": 225092101,
        "priority": 35
      },
      "geometry": {
        "type": "Polygon",
        "coordinates": [
          [
            [
              118.9287782,
              32.1145623
            ],
            [
              118.9287698,
              32.1145501
            ],
            [
              118.9287529,
              32.1145419
            ],
            [
              118.9283383,
              32.1145452
            ],
            [
              118.9279409,
              32.1145442
            ],
            [
              118.9278848,
              32.1145484
            ],
            [
              118.9278369,
              32.1145611
            ],
            [
              118.9278304,
              32.114588
            ],
            [
              118.9280362,
              32.1150982
            ],
            [
              118.9280462,
              32.1151092
            ],
            [
              118.9280631,
              32.1151138
            ],
            [
              118.9282124,
              32.1151139
            ],
            [
              118.9282118,
              32.1150381
            ],
            [
              118.9282107,
              32.1149613
            ],
            [
              118.9283565,
              32.1149599
            ],
            [
              118.9283586,
              32.1147705
            ],
            [
              118.9281422,
              32.1147711
            ],
            [
              118.928142,
              32.1147395
            ],
            [
              118.9281414,
              32.1146664
            ],
            [
              118.9282536,
              32.1146657
            ],
            [
              118.9282493,
              32.1146191
            ],
            [
              118.9287788,
              32.1146131
            ],
            [
              118.9287782,
              32.1145623
            ]
          ]
        ]
      }
    },
    {
      "type": "Feature",
      "id": "osm:way:225092102",
      "properties": {
        "featureType": "GREEN",
        "campusCode": "NJUPT_XIANLIN",
        "externalId": "osm:way:225092102",
        "name": "未命名绿地",
        "dataSource": "OPENSTREETMAP",
        "verificationStatus": "SOURCE_VERIFIED",
        "sourceId": "osm-xianlin-2026-08-22",
        "sourceUpdatedAt": null,
        "osmType": "way",
        "osmId": 225092102,
        "priority": 35
      },
      "geometry": {
        "type": "Polygon",
        "coordinates": [
          [
            [
              118.9284304,
              32.115215
            ],
            [
              118.92843,
              32.1151658
            ],
            [
              118.9280983,
              32.1151677
            ],
            [
              118.9280799,
              32.1151729
            ],
            [
              118.9280761,
              32.1151865
            ],
            [
              118.9282175,
              32.1155374
            ],
            [
              118.9282588,
              32.1157025
            ],
            [
              118.9282753,
              32.1157196
            ],
            [
              118.9283046,
              32.1157304
            ],
            [
              118.9289393,
              32.1157296
            ],
            [
              118.9289538,
              32.1157228
            ],
            [
              118.9289629,
              32.1157092
            ],
            [
              118.9289609,
              32.1155956
            ],
            [
              118.9286259,
              32.1155987
            ],
            [
              118.9286259,
              32.1156227
            ],
            [
              118.9284296,
              32.1156246
            ],
            [
              118.9284296,
              32.1155359
            ],
            [
              118.9285803,
              32.115534
            ],
            [
              118.9285812,
              32.1154977
            ],
            [
              118.9283794,
              32.1154971
            ],
            [
              118.9283806,
              32.1153433
            ],
            [
              118.9282897,
              32.1153437
            ],
            [
              118.9282891,
              32.1152508
            ],
            [
              118.9284306,
              32.1152502
            ],
            [
              118.9284304,
              32.115215
            ]
          ]
        ]
      }
    },
    {
      "type": "Feature",
      "id": "osm:way:225101766",
      "properties": {
        "featureType": "GREEN",
        "campusCode": "NJUPT_XIANLIN",
        "externalId": "osm:way:225101766",
        "name": "未命名绿地",
        "dataSource": "OPENSTREETMAP",
        "verificationStatus": "SOURCE_VERIFIED",
        "sourceId": "osm-xianlin-2026-08-22",
        "sourceUpdatedAt": null,
        "osmType": "way",
        "osmId": 225101766,
        "priority": 35
      },
      "geometry": {
        "type": "Polygon",
        "coordinates": [
          [
            [
              118.9294594,
              32.1159964
            ],
            [
              118.9294564,
              32.1158185
            ],
            [
              118.9283613,
              32.1158203
            ],
            [
              118.9283304,
              32.115827
            ],
            [
              118.928318,
              32.115847
            ],
            [
              118.928324,
              32.1158782
            ],
            [
              118.9283438,
              32.1159836
            ],
            [
              118.9283677,
              32.1162161
            ],
            [
              118.9283678,
              32.1164273
            ],
            [
              118.9283604,
              32.1166438
            ],
            [
              118.9283331,
              32.1169675
            ],
            [
              118.9283182,
              32.1170905
            ],
            [
              118.9283203,
              32.1171233
            ],
            [
              118.928335,
              32.1171471
            ],
            [
              118.9283914,
              32.1171977
            ],
            [
              118.9284193,
              32.1172535
            ],
            [
              118.9284267,
              32.1173036
            ],
            [
              118.9284252,
              32.1173321
            ],
            [
              118.9284386,
              32.1173519
            ],
            [
              118.9291429,
              32.117692
            ],
            [
              118.9294331,
              32.1178309
            ],
            [
              118.9294474,
              32.1178302
            ],
            [
              118.9294501,
              32.1178226
            ],
            [
              118.9294557,
              32.1172991
            ],
            [
              118.9293288,
              32.1173016
            ],
            [
              118.9292756,
              32.1173579
            ],
            [
              118.9291878,
              32.1174085
            ],
            [
              118.9290867,
              32.1174455
            ],
            [
              118.9289736,
              32.1174579
            ],
            [
              118.9288554,
              32.11745
            ],
            [
              118.9287703,
              32.1174257
            ],
            [
              118.9286716,
              32.1173722
            ],
            [
              118.9285904,
              32.1173048
            ],
            [
              118.9284822,
              32.1173007
            ],
            [
              118.9284806,
              32.1166914
            ],
            [
              118.9284113,
              32.116691
            ],
            [
              118.9284126,
              32.1165246
            ],
            [
              118.9284819,
              32.116525
            ],
            [
              118.9284859,
              32.1159948
            ],
            [
              118.9285872,
              32.1159948
            ],
            [
              118.928666,
              32.1159217
            ],
            [
              118.9287335,
              32.1158756
            ],
            [
              118.928801,
              32.1158502
            ],
            [
              118.9288817,
              32.1158343
            ],
            [
              118.9289642,
              32.115828
            ],
            [
              118.9290711,
              32.1158375
            ],
            [
              118.9291612,
              32.1158629
            ],
            [
              118.9292362,
              32.1159042
            ],
            [
              118.9293112,
              32.115963
            ],
            [
              118.9293375,
              32.1159964
            ],
            [
              118.9294594,
              32.1159964
            ]
          ]
        ]
      }
    },
    {
      "type": "Feature",
      "id": "osm:way:224937955",
      "properties": {
        "featureType": "GREEN",
        "campusCode": "NJUPT_XIANLIN",
        "externalId": "osm:way:224937955",
        "name": "未命名绿地",
        "dataSource": "OPENSTREETMAP",
        "verificationStatus": "SOURCE_VERIFIED",
        "sourceId": "osm-xianlin-2026-08-22",
        "sourceUpdatedAt": null,
        "osmType": "way",
        "osmId": 224937955,
        "priority": 35
      },
      "geometry": {
        "type": "Polygon",
        "coordinates": [
          [
            [
              118.9240447,
              32.1133194
            ],
            [
              118.9260434,
              32.1133091
            ],
            [
              118.9260397,
              32.1128012
            ],
            [
              118.924041,
              32.1128116
            ],
            [
              118.9240447,
              32.1133194
            ]
          ]
        ]
      }
    },
    {
      "type": "Feature",
      "id": "osm:way:224940526",
      "properties": {
        "featureType": "GREEN",
        "campusCode": "NJUPT_XIANLIN",
        "externalId": "osm:way:224940526",
        "name": "未命名绿地",
        "dataSource": "OPENSTREETMAP",
        "verificationStatus": "SOURCE_VERIFIED",
        "sourceId": "osm-xianlin-2026-08-22",
        "sourceUpdatedAt": null,
        "osmType": "way",
        "osmId": 224940526,
        "priority": 35
      },
      "geometry": {
        "type": "Polygon",
        "coordinates": [
          [
            [
              118.9236668,
              32.1101888
            ],
            [
              118.9236685,
              32.1097456
            ],
            [
              118.9238389,
              32.1097408
            ],
            [
              118.9238352,
              32.1101848
            ],
            [
              118.9236668,
              32.1101888
            ]
          ]
        ]
      }
    },
    {
      "type": "Feature",
      "id": "osm:way:224990801",
      "properties": {
        "featureType": "GREEN",
        "campusCode": "NJUPT_XIANLIN",
        "externalId": "osm:way:224990801",
        "name": "未命名绿地",
        "dataSource": "OPENSTREETMAP",
        "verificationStatus": "SOURCE_VERIFIED",
        "sourceId": "osm-xianlin-2026-08-22",
        "sourceUpdatedAt": null,
        "osmType": "way",
        "osmId": 224990801,
        "priority": 35
      },
      "geometry": {
        "type": "Polygon",
        "coordinates": [
          [
            [
              118.9240706,
              32.1095678
            ],
            [
              118.9242096,
              32.1095683
            ],
            [
              118.9242099,
              32.1095069
            ],
            [
              118.9240709,
              32.1095064
            ],
            [
              118.9240706,
              32.1095678
            ]
          ]
        ]
      }
    },
    {
      "type": "Feature",
      "id": "osm:way:224990802",
      "properties": {
        "featureType": "GREEN",
        "campusCode": "NJUPT_XIANLIN",
        "externalId": "osm:way:224990802",
        "name": "未命名绿地",
        "dataSource": "OPENSTREETMAP",
        "verificationStatus": "SOURCE_VERIFIED",
        "sourceId": "osm-xianlin-2026-08-22",
        "sourceUpdatedAt": null,
        "osmType": "way",
        "osmId": 224990802,
        "priority": 35
      },
      "geometry": {
        "type": "Polygon",
        "coordinates": [
          [
            [
              118.9242445,
              32.1095678
            ],
            [
              118.9243723,
              32.1095678
            ],
            [
              118.9243723,
              32.1095077
            ],
            [
              118.9242445,
              32.1095077
            ],
            [
              118.9242445,
              32.1095678
            ]
          ]
        ]
      }
    },
    {
      "type": "Feature",
      "id": "osm:way:224990803",
      "properties": {
        "featureType": "GREEN",
        "campusCode": "NJUPT_XIANLIN",
        "externalId": "osm:way:224990803",
        "name": "未命名绿地",
        "dataSource": "OPENSTREETMAP",
        "verificationStatus": "SOURCE_VERIFIED",
        "sourceId": "osm-xianlin-2026-08-22",
        "sourceUpdatedAt": null,
        "osmType": "way",
        "osmId": 224990803,
        "priority": 35
      },
      "geometry": {
        "type": "Polygon",
        "coordinates": [
          [
            [
              118.9244096,
              32.1095663
            ],
            [
              118.9245368,
              32.1095658
            ],
            [
              118.9245365,
              32.1095054
            ],
            [
              118.9244113,
              32.1095062
            ],
            [
              118.9244096,
              32.1095663
            ]
          ]
        ]
      }
    },
    {
      "type": "Feature",
      "id": "osm:way:224990804",
      "properties": {
        "featureType": "GREEN",
        "campusCode": "NJUPT_XIANLIN",
        "externalId": "osm:way:224990804",
        "name": "未命名绿地",
        "dataSource": "OPENSTREETMAP",
        "verificationStatus": "SOURCE_VERIFIED",
        "sourceId": "osm-xianlin-2026-08-22",
        "sourceUpdatedAt": null,
        "osmType": "way",
        "osmId": 224990804,
        "priority": 35
      },
      "geometry": {
        "type": "Polygon",
        "coordinates": [
          [
            [
              118.924571,
              32.1095648
            ],
            [
              118.9247018,
              32.1095643
            ],
            [
              118.9247015,
              32.1095039
            ],
            [
              118.9245707,
              32.1095044
            ],
            [
              118.924571,
              32.1095648
            ]
          ]
        ]
      }
    },
    {
      "type": "Feature",
      "id": "osm:way:224990805",
      "properties": {
        "featureType": "GREEN",
        "campusCode": "NJUPT_XIANLIN",
        "externalId": "osm:way:224990805",
        "name": "未命名绿地",
        "dataSource": "OPENSTREETMAP",
        "verificationStatus": "SOURCE_VERIFIED",
        "sourceId": "osm-xianlin-2026-08-22",
        "sourceUpdatedAt": null,
        "osmType": "way",
        "osmId": 224990805,
        "priority": 35
      },
      "geometry": {
        "type": "Polygon",
        "coordinates": [
          [
            [
              118.9247325,
              32.1095648
            ],
            [
              118.9248663,
              32.1095653
            ],
            [
              118.9248666,
              32.1095008
            ],
            [
              118.9247329,
              32.1095003
            ],
            [
              118.9247325,
              32.1095648
            ]
          ]
        ]
      }
    },
    {
      "type": "Feature",
      "id": "osm:way:224991425",
      "properties": {
        "featureType": "GREEN",
        "campusCode": "NJUPT_XIANLIN",
        "externalId": "osm:way:224991425",
        "name": "未命名绿地",
        "dataSource": "OPENSTREETMAP",
        "verificationStatus": "SOURCE_VERIFIED",
        "sourceId": "osm-xianlin-2026-08-22",
        "sourceUpdatedAt": null,
        "osmType": "way",
        "osmId": 224991425,
        "priority": 35
      },
      "geometry": {
        "type": "Polygon",
        "coordinates": [
          [
            [
              118.9248763,
              32.1104463
            ],
            [
              118.9249927,
              32.1104463
            ],
            [
              118.9249927,
              32.1103572
            ],
            [
              118.9248763,
              32.1103572
            ],
            [
              118.9248763,
              32.1104463
            ]
          ]
        ]
      }
    },
    {
      "type": "Feature",
      "id": "osm:way:224991427",
      "properties": {
        "featureType": "GREEN",
        "campusCode": "NJUPT_XIANLIN",
        "externalId": "osm:way:224991427",
        "name": "未命名绿地",
        "dataSource": "OPENSTREETMAP",
        "verificationStatus": "SOURCE_VERIFIED",
        "sourceId": "osm-xianlin-2026-08-22",
        "sourceUpdatedAt": null,
        "osmType": "way",
        "osmId": 224991427,
        "priority": 35
      },
      "geometry": {
        "type": "Polygon",
        "coordinates": [
          [
            [
              118.9252538,
              32.1104479
            ],
            [
              118.9252543,
              32.110356
            ],
            [
              118.9253712,
              32.1103564
            ],
            [
              118.9253707,
              32.1104483
            ],
            [
              118.9252538,
              32.1104479
            ]
          ]
        ]
      }
    },
    {
      "type": "Feature",
      "id": "osm:way:224991429",
      "properties": {
        "featureType": "GREEN",
        "campusCode": "NJUPT_XIANLIN",
        "externalId": "osm:way:224991429",
        "name": "未命名绿地",
        "dataSource": "OPENSTREETMAP",
        "verificationStatus": "SOURCE_VERIFIED",
        "sourceId": "osm-xianlin-2026-08-22",
        "sourceUpdatedAt": null,
        "osmType": "way",
        "osmId": 224991429,
        "priority": 35
      },
      "geometry": {
        "type": "Polygon",
        "coordinates": [
          [
            [
              118.9250603,
              32.1104479
            ],
            [
              118.925191,
              32.1104473
            ],
            [
              118.9251909,
              32.1104232
            ],
            [
              118.9250602,
              32.1104238
            ],
            [
              118.9250603,
              32.1104479
            ]
          ]
        ]
      }
    },
    {
      "type": "Feature",
      "id": "osm:way:224992394",
      "properties": {
        "featureType": "GREEN",
        "campusCode": "NJUPT_XIANLIN",
        "externalId": "osm:way:224992394",
        "name": "未命名绿地",
        "dataSource": "OPENSTREETMAP",
        "verificationStatus": "SOURCE_VERIFIED",
        "sourceId": "osm-xianlin-2026-08-22",
        "sourceUpdatedAt": null,
        "osmType": "way",
        "osmId": 224992394,
        "priority": 35
      },
      "geometry": {
        "type": "Polygon",
        "coordinates": [
          [
            [
              118.9253697,
              32.1095749
            ],
            [
              118.9255003,
              32.1095765
            ],
            [
              118.9255003,
              32.109522
            ],
            [
              118.9253699,
              32.1095222
            ],
            [
              118.9253697,
              32.1095749
            ]
          ]
        ]
      }
    },
    {
      "type": "Feature",
      "id": "osm:way:224992395",
      "properties": {
        "featureType": "GREEN",
        "campusCode": "NJUPT_XIANLIN",
        "externalId": "osm:way:224992395",
        "name": "未命名绿地",
        "dataSource": "OPENSTREETMAP",
        "verificationStatus": "SOURCE_VERIFIED",
        "sourceId": "osm-xianlin-2026-08-22",
        "sourceUpdatedAt": null,
        "osmType": "way",
        "osmId": 224992395,
        "priority": 35
      },
      "geometry": {
        "type": "Polygon",
        "coordinates": [
          [
            [
              118.9255315,
              32.1095765
            ],
            [
              118.9256677,
              32.1095765
            ],
            [
              118.9256677,
              32.109522
            ],
            [
              118.9255315,
              32.109522
            ],
            [
              118.9255315,
              32.1095765
            ]
          ]
        ]
      }
    },
    {
      "type": "Feature",
      "id": "osm:way:224992396",
      "properties": {
        "featureType": "GREEN",
        "campusCode": "NJUPT_XIANLIN",
        "externalId": "osm:way:224992396",
        "name": "未命名绿地",
        "dataSource": "OPENSTREETMAP",
        "verificationStatus": "SOURCE_VERIFIED",
        "sourceId": "osm-xianlin-2026-08-22",
        "sourceUpdatedAt": null,
        "osmType": "way",
        "osmId": 224992396,
        "priority": 35
      },
      "geometry": {
        "type": "Polygon",
        "coordinates": [
          [
            [
              118.9256971,
              32.1095765
            ],
            [
              118.9258198,
              32.1095775
            ],
            [
              118.9258204,
              32.1095235
            ],
            [
              118.9256977,
              32.1095225
            ],
            [
              118.9256971,
              32.1095765
            ]
          ]
        ]
      }
    },
    {
      "type": "Feature",
      "id": "osm:way:224992397",
      "properties": {
        "featureType": "GREEN",
        "campusCode": "NJUPT_XIANLIN",
        "externalId": "osm:way:224992397",
        "name": "未命名绿地",
        "dataSource": "OPENSTREETMAP",
        "verificationStatus": "SOURCE_VERIFIED",
        "sourceId": "osm-xianlin-2026-08-22",
        "sourceUpdatedAt": null,
        "osmType": "way",
        "osmId": 224992397,
        "priority": 35
      },
      "geometry": {
        "type": "Polygon",
        "coordinates": [
          [
            [
              118.9258461,
              32.1095765
            ],
            [
              118.9258479,
              32.1095249
            ],
            [
              118.9259802,
              32.1095281
            ],
            [
              118.9259784,
              32.1095797
            ],
            [
              118.9258461,
              32.1095765
            ]
          ]
        ]
      }
    },
    {
      "type": "Feature",
      "id": "osm:way:224992509",
      "properties": {
        "featureType": "GREEN",
        "campusCode": "NJUPT_XIANLIN",
        "externalId": "osm:way:224992509",
        "name": "未命名绿地",
        "dataSource": "OPENSTREETMAP",
        "verificationStatus": "SOURCE_VERIFIED",
        "sourceId": "osm-xianlin-2026-08-22",
        "sourceUpdatedAt": null,
        "osmType": "way",
        "osmId": 224992509,
        "priority": 35
      },
      "geometry": {
        "type": "Polygon",
        "coordinates": [
          [
            [
              118.9250382,
              32.1097698
            ],
            [
              118.9252204,
              32.1097698
            ],
            [
              118.9252204,
              32.1096328
            ],
            [
              118.9250382,
              32.1096328
            ],
            [
              118.9250382,
              32.1097698
            ]
          ]
        ]
      }
    },
    {
      "type": "Feature",
      "id": "osm:way:224992510",
      "properties": {
        "featureType": "GREEN",
        "campusCode": "NJUPT_XIANLIN",
        "externalId": "osm:way:224992510",
        "name": "未命名绿地",
        "dataSource": "OPENSTREETMAP",
        "verificationStatus": "SOURCE_VERIFIED",
        "sourceId": "osm-xianlin-2026-08-22",
        "sourceUpdatedAt": null,
        "osmType": "way",
        "osmId": 224992510,
        "priority": 35
      },
      "geometry": {
        "type": "Polygon",
        "coordinates": [
          [
            [
              118.9250305,
              32.1098524
            ],
            [
              118.9252167,
              32.1098559
            ],
            [
              118.9252179,
              32.1098112
            ],
            [
              118.9250317,
              32.1098076
            ],
            [
              118.9250305,
              32.1098524
            ]
          ]
        ]
      }
    },
    {
      "type": "Feature",
      "id": "osm:way:224992782",
      "properties": {
        "featureType": "GREEN",
        "campusCode": "NJUPT_XIANLIN",
        "externalId": "osm:way:224992782",
        "name": "未命名绿地",
        "dataSource": "OPENSTREETMAP",
        "verificationStatus": "SOURCE_VERIFIED",
        "sourceId": "osm-xianlin-2026-08-22",
        "sourceUpdatedAt": null,
        "osmType": "way",
        "osmId": 224992782,
        "priority": 35
      },
      "geometry": {
        "type": "Polygon",
        "coordinates": [
          [
            [
              118.924052,
              32.109867
            ],
            [
              118.9241745,
              32.1098646
            ],
            [
              118.9241754,
              32.1097157
            ],
            [
              118.9248765,
              32.1097189
            ],
            [
              118.9248793,
              32.1096253
            ],
            [
              118.9241241,
              32.1096253
            ],
            [
              118.9240751,
              32.109635
            ],
            [
              118.9240549,
              32.1096716
            ],
            [
              118.924052,
              32.109867
            ]
          ]
        ]
      }
    },
    {
      "type": "Feature",
      "id": "osm:way:224992783",
      "properties": {
        "featureType": "GREEN",
        "campusCode": "NJUPT_XIANLIN",
        "externalId": "osm:way:224992783",
        "name": "未命名绿地",
        "dataSource": "OPENSTREETMAP",
        "verificationStatus": "SOURCE_VERIFIED",
        "sourceId": "osm-xianlin-2026-08-22",
        "sourceUpdatedAt": null,
        "osmType": "way",
        "osmId": 224992783,
        "priority": 35
      },
      "geometry": {
        "type": "Polygon",
        "coordinates": [
          [
            [
              118.9240578,
              32.1100794
            ],
            [
              118.9241752,
              32.1100801
            ],
            [
              118.9241741,
              32.1102162
            ],
            [
              118.92475,
              32.1102195
            ],
            [
              118.9247482,
              32.1104399
            ],
            [
              118.9240885,
              32.1104372
            ],
            [
              118.9240715,
              32.1104276
            ],
            [
              118.9240544,
              32.1104011
            ],
            [
              118.9240578,
              32.1100794
            ]
          ]
        ]
      }
    },
    {
      "type": "Feature",
      "id": "osm:way:224992784",
      "properties": {
        "featureType": "GREEN",
        "campusCode": "NJUPT_XIANLIN",
        "externalId": "osm:way:224992784",
        "name": "未命名绿地",
        "dataSource": "OPENSTREETMAP",
        "verificationStatus": "SOURCE_VERIFIED",
        "sourceId": "osm-xianlin-2026-08-22",
        "sourceUpdatedAt": null,
        "osmType": "way",
        "osmId": 224992784,
        "priority": 35
      },
      "geometry": {
        "type": "Polygon",
        "coordinates": [
          [
            [
              118.9248754,
              32.1103234
            ],
            [
              118.9249892,
              32.1103243
            ],
            [
              118.9249892,
              32.1102432
            ],
            [
              118.9248743,
              32.1102423
            ],
            [
              118.9248754,
              32.1103234
            ]
          ]
        ]
      }
    },
    {
      "type": "Feature",
      "id": "osm:way:224992785",
      "properties": {
        "featureType": "GREEN",
        "campusCode": "NJUPT_XIANLIN",
        "externalId": "osm:way:224992785",
        "name": "未命名绿地",
        "dataSource": "OPENSTREETMAP",
        "verificationStatus": "SOURCE_VERIFIED",
        "sourceId": "osm-xianlin-2026-08-22",
        "sourceUpdatedAt": null,
        "osmType": "way",
        "osmId": 224992785,
        "priority": 35
      },
      "geometry": {
        "type": "Polygon",
        "coordinates": [
          [
            [
              118.925252,
              32.110327
            ],
            [
              118.9253669,
              32.110327
            ],
            [
              118.9253669,
              32.1102459
            ],
            [
              118.9252525,
              32.1102466
            ],
            [
              118.925252,
              32.110327
            ]
          ]
        ]
      }
    },
    {
      "type": "Feature",
      "id": "osm:way:224992786",
      "properties": {
        "featureType": "GREEN",
        "campusCode": "NJUPT_XIANLIN",
        "externalId": "osm:way:224992786",
        "name": "未命名绿地",
        "dataSource": "OPENSTREETMAP",
        "verificationStatus": "SOURCE_VERIFIED",
        "sourceId": "osm-xianlin-2026-08-22",
        "sourceUpdatedAt": null,
        "osmType": "way",
        "osmId": 224992786,
        "priority": 35
      },
      "geometry": {
        "type": "Polygon",
        "coordinates": [
          [
            [
              118.92506,
              32.1102501
            ],
            [
              118.9251856,
              32.110249
            ],
            [
              118.9251859,
              32.1102681
            ],
            [
              118.9250602,
              32.1102693
            ],
            [
              118.92506,
              32.1102501
            ]
          ]
        ]
      }
    },
    {
      "type": "Feature",
      "id": "osm:way:224993034",
      "properties": {
        "featureType": "GREEN",
        "campusCode": "NJUPT_XIANLIN",
        "externalId": "osm:way:224993034",
        "name": "未命名绿地",
        "dataSource": "OPENSTREETMAP",
        "verificationStatus": "SOURCE_VERIFIED",
        "sourceId": "osm-xianlin-2026-08-22",
        "sourceUpdatedAt": null,
        "osmType": "way",
        "osmId": 224993034,
        "priority": 35
      },
      "geometry": {
        "type": "Polygon",
        "coordinates": [
          [
            [
              118.9258147,
              32.1104633
            ],
            [
              118.9258181,
              32.1102427
            ],
            [
              118.9259665,
              32.1102418
            ],
            [
              118.925962,
              32.1104662
            ],
            [
              118.9258147,
              32.1104633
            ]
          ]
        ]
      }
    },
    {
      "type": "Feature",
      "id": "osm:way:224994117",
      "properties": {
        "featureType": "GREEN",
        "campusCode": "NJUPT_XIANLIN",
        "externalId": "osm:way:224994117",
        "name": "未命名绿地",
        "dataSource": "OPENSTREETMAP",
        "verificationStatus": "SOURCE_VERIFIED",
        "sourceId": "osm-xianlin-2026-08-22",
        "sourceUpdatedAt": null,
        "osmType": "way",
        "osmId": 224994117,
        "priority": 35
      },
      "geometry": {
        "type": "Polygon",
        "coordinates": [
          [
            [
              118.9241545,
              32.1106413
            ],
            [
              118.9240576,
              32.110639
            ],
            [
              118.9240572,
              32.1105119
            ],
            [
              118.9240743,
              32.1104974
            ],
            [
              118.9247519,
              32.1104935
            ],
            [
              118.9247534,
              32.1105158
            ],
            [
              118.9241554,
              32.1105114
            ],
            [
              118.9241545,
              32.1106413
            ]
          ]
        ]
      }
    },
    {
      "type": "Feature",
      "id": "osm:way:224994118",
      "properties": {
        "featureType": "GREEN",
        "campusCode": "NJUPT_XIANLIN",
        "externalId": "osm:way:224994118",
        "name": "未命名绿地",
        "dataSource": "OPENSTREETMAP",
        "verificationStatus": "SOURCE_VERIFIED",
        "sourceId": "osm-xianlin-2026-08-22",
        "sourceUpdatedAt": null,
        "osmType": "way",
        "osmId": 224994118,
        "priority": 35
      },
      "geometry": {
        "type": "Polygon",
        "coordinates": [
          [
            [
              118.9241533,
              32.1108322
            ],
            [
              118.924048,
              32.1108317
            ],
            [
              118.924044,
              32.1110433
            ],
            [
              118.9240562,
              32.1110714
            ],
            [
              118.9240841,
              32.1110876
            ],
            [
              118.9248618,
              32.1110922
            ],
            [
              118.9248675,
              32.1109598
            ],
            [
              118.9241513,
              32.1109561
            ],
            [
              118.9241533,
              32.1108322
            ]
          ]
        ]
      }
    },
    {
      "type": "Feature",
      "id": "osm:way:224994119",
      "properties": {
        "featureType": "GREEN",
        "campusCode": "NJUPT_XIANLIN",
        "externalId": "osm:way:224994119",
        "name": "未命名绿地",
        "dataSource": "OPENSTREETMAP",
        "verificationStatus": "SOURCE_VERIFIED",
        "sourceId": "osm-xianlin-2026-08-22",
        "sourceUpdatedAt": null,
        "osmType": "way",
        "osmId": 224994119,
        "priority": 35
      },
      "geometry": {
        "type": "Polygon",
        "coordinates": [
          [
            [
              118.9253892,
              32.1110272
            ],
            [
              118.9253878,
              32.1110971
            ],
            [
              118.9260132,
              32.1110995
            ],
            [
              118.926036,
              32.1110898
            ],
            [
              118.9260435,
              32.1110713
            ],
            [
              118.9260474,
              32.1109381
            ],
            [
              118.9259916,
              32.1109382
            ],
            [
              118.925991,
              32.11103
            ],
            [
              118.9253892,
              32.1110272
            ]
          ]
        ]
      }
    },
    {
      "type": "Feature",
      "id": "osm:way:224994120",
      "properties": {
        "featureType": "GREEN",
        "campusCode": "NJUPT_XIANLIN",
        "externalId": "osm:way:224994120",
        "name": "未命名绿地",
        "dataSource": "OPENSTREETMAP",
        "verificationStatus": "SOURCE_VERIFIED",
        "sourceId": "osm-xianlin-2026-08-22",
        "sourceUpdatedAt": null,
        "osmType": "way",
        "osmId": 224994120,
        "priority": 35
      },
      "geometry": {
        "type": "Polygon",
        "coordinates": [
          [
            [
              118.9250466,
              32.1110972
            ],
            [
              118.9252044,
              32.1110972
            ],
            [
              118.9252044,
              32.1109702
            ],
            [
              118.9250466,
              32.1109702
            ],
            [
              118.9250466,
              32.1110972
            ]
          ]
        ]
      }
    },
    {
      "type": "Feature",
      "id": "osm:way:224994121",
      "properties": {
        "featureType": "GREEN",
        "campusCode": "NJUPT_XIANLIN",
        "externalId": "osm:way:224994121",
        "name": "未命名绿地",
        "dataSource": "OPENSTREETMAP",
        "verificationStatus": "SOURCE_VERIFIED",
        "sourceId": "osm-xianlin-2026-08-22",
        "sourceUpdatedAt": null,
        "osmType": "way",
        "osmId": 224994121,
        "priority": 35
      },
      "geometry": {
        "type": "Polygon",
        "coordinates": [
          [
            [
              118.925044,
              32.1114184
            ],
            [
              118.9250452,
              32.1112902
            ],
            [
              118.9252071,
              32.1112914
            ],
            [
              118.9252058,
              32.1114196
            ],
            [
              118.925044,
              32.1114184
            ]
          ]
        ]
      }
    },
    {
      "type": "Feature",
      "id": "osm:way:224994122",
      "properties": {
        "featureType": "GREEN",
        "campusCode": "NJUPT_XIANLIN",
        "externalId": "osm:way:224994122",
        "name": "未命名绿地",
        "dataSource": "OPENSTREETMAP",
        "verificationStatus": "SOURCE_VERIFIED",
        "sourceId": "osm-xianlin-2026-08-22",
        "sourceUpdatedAt": null,
        "osmType": "way",
        "osmId": 224994122,
        "priority": 35
      },
      "geometry": {
        "type": "Polygon",
        "coordinates": [
          [
            [
              118.9250425,
              32.1115128
            ],
            [
              118.9252056,
              32.111515
            ],
            [
              118.9252056,
              32.1114727
            ],
            [
              118.9250451,
              32.1114727
            ],
            [
              118.9250425,
              32.1115128
            ]
          ]
        ]
      }
    },
    {
      "type": "Feature",
      "id": "osm:way:224994870",
      "properties": {
        "featureType": "GREEN",
        "campusCode": "NJUPT_XIANLIN",
        "externalId": "osm:way:224994870",
        "name": "未命名绿地",
        "dataSource": "OPENSTREETMAP",
        "verificationStatus": "SOURCE_VERIFIED",
        "sourceId": "osm-xianlin-2026-08-22",
        "sourceUpdatedAt": null,
        "osmType": "way",
        "osmId": 224994870,
        "priority": 35
      },
      "geometry": {
        "type": "Polygon",
        "coordinates": [
          [
            [
              118.9248713,
              32.1113772
            ],
            [
              118.9248703,
              32.1113262
            ],
            [
              118.9248623,
              32.1112991
            ],
            [
              118.9248348,
              32.1112856
            ],
            [
              118.9240842,
              32.1112788
            ],
            [
              118.9240555,
              32.1112948
            ],
            [
              118.924042,
              32.1113236
            ],
            [
              118.9240413,
              32.1114912
            ],
            [
              118.924161,
              32.1114923
            ],
            [
              118.924161,
              32.1113769
            ],
            [
              118.9248713,
              32.1113772
            ]
          ]
        ]
      }
    },
    {
      "type": "Feature",
      "id": "osm:way:224994871",
      "properties": {
        "featureType": "GREEN",
        "campusCode": "NJUPT_XIANLIN",
        "externalId": "osm:way:224994871",
        "name": "未命名绿地",
        "dataSource": "OPENSTREETMAP",
        "verificationStatus": "SOURCE_VERIFIED",
        "sourceId": "osm-xianlin-2026-08-22",
        "sourceUpdatedAt": null,
        "osmType": "way",
        "osmId": 224994871,
        "priority": 35
      },
      "geometry": {
        "type": "Polygon",
        "coordinates": [
          [
            [
              118.9241608,
              32.111731
            ],
            [
              118.924037,
              32.1117314
            ],
            [
              118.9240383,
              32.111886
            ],
            [
              118.9240453,
              32.111894
            ],
            [
              118.924055,
              32.1118998
            ],
            [
              118.9248765,
              32.1119022
            ],
            [
              118.9248751,
              32.1118351
            ],
            [
              118.9241608,
              32.1118348
            ],
            [
              118.9241608,
              32.111731
            ]
          ]
        ]
      }
    },
    {
      "type": "Feature",
      "id": "osm:way:224994872",
      "properties": {
        "featureType": "GREEN",
        "campusCode": "NJUPT_XIANLIN",
        "externalId": "osm:way:224994872",
        "name": "未命名绿地",
        "dataSource": "OPENSTREETMAP",
        "verificationStatus": "SOURCE_VERIFIED",
        "sourceId": "osm-xianlin-2026-08-22",
        "sourceUpdatedAt": null,
        "osmType": "way",
        "osmId": 224994872,
        "priority": 35
      },
      "geometry": {
        "type": "Polygon",
        "coordinates": [
          [
            [
              118.9253728,
              32.1118353
            ],
            [
              118.9253706,
              32.1119004
            ],
            [
              118.9259957,
              32.1118981
            ],
            [
              118.9260176,
              32.1118882
            ],
            [
              118.9260306,
              32.1118686
            ],
            [
              118.9260301,
              32.1117493
            ],
            [
              118.9259752,
              32.1117493
            ],
            [
              118.9259752,
              32.1118356
            ],
            [
              118.9253728,
              32.1118353
            ]
          ]
        ]
      }
    },
    {
      "type": "Feature",
      "id": "osm:way:224995376",
      "properties": {
        "featureType": "GREEN",
        "campusCode": "NJUPT_XIANLIN",
        "externalId": "osm:way:224995376",
        "name": "未命名绿地",
        "dataSource": "OPENSTREETMAP",
        "verificationStatus": "SOURCE_VERIFIED",
        "sourceId": "osm-xianlin-2026-08-22",
        "sourceUpdatedAt": null,
        "osmType": "way",
        "osmId": 224995376,
        "priority": 35
      },
      "geometry": {
        "type": "Polygon",
        "coordinates": [
          [
            [
              118.9252161,
              32.1121471
            ],
            [
              118.9254742,
              32.1121466
            ],
            [
              118.9254737,
              32.111962
            ],
            [
              118.9252156,
              32.1119624
            ],
            [
              118.9252161,
              32.1121471
            ]
          ]
        ]
      }
    },
    {
      "type": "Feature",
      "id": "osm:way:224995377",
      "properties": {
        "featureType": "GREEN",
        "campusCode": "NJUPT_XIANLIN",
        "externalId": "osm:way:224995377",
        "name": "未命名绿地",
        "dataSource": "OPENSTREETMAP",
        "verificationStatus": "SOURCE_VERIFIED",
        "sourceId": "osm-xianlin-2026-08-22",
        "sourceUpdatedAt": null,
        "osmType": "way",
        "osmId": 224995377,
        "priority": 35
      },
      "geometry": {
        "type": "Polygon",
        "coordinates": [
          [
            [
              118.9250605,
              32.112148
            ],
            [
              118.9251737,
              32.112148
            ],
            [
              118.9251727,
              32.1119636
            ],
            [
              118.9250614,
              32.111964
            ],
            [
              118.9250605,
              32.112148
            ]
          ]
        ]
      }
    },
    {
      "type": "Feature",
      "id": "osm:way:224995378",
      "properties": {
        "featureType": "GREEN",
        "campusCode": "NJUPT_XIANLIN",
        "externalId": "osm:way:224995378",
        "name": "未命名绿地",
        "dataSource": "OPENSTREETMAP",
        "verificationStatus": "SOURCE_VERIFIED",
        "sourceId": "osm-xianlin-2026-08-22",
        "sourceUpdatedAt": null,
        "osmType": "way",
        "osmId": 224995378,
        "priority": 35
      },
      "geometry": {
        "type": "Polygon",
        "coordinates": [
          [
            [
              118.9248214,
              32.1121689
            ],
            [
              118.9249743,
              32.1121675
            ],
            [
              118.9249747,
              32.1122035
            ],
            [
              118.9248218,
              32.112204
            ],
            [
              118.9248214,
              32.1121689
            ]
          ]
        ]
      }
    },
    {
      "type": "Feature",
      "id": "osm:way:224995720",
      "properties": {
        "featureType": "GREEN",
        "campusCode": "NJUPT_XIANLIN",
        "externalId": "osm:way:224995720",
        "name": "未命名绿地",
        "dataSource": "OPENSTREETMAP",
        "verificationStatus": "SOURCE_VERIFIED",
        "sourceId": "osm-xianlin-2026-08-22",
        "sourceUpdatedAt": null,
        "osmType": "way",
        "osmId": 224995720,
        "priority": 35
      },
      "geometry": {
        "type": "Polygon",
        "coordinates": [
          [
            [
              118.9241445,
              32.112316
            ],
            [
              118.9240464,
              32.1123158
            ],
            [
              118.9240448,
              32.1119979
            ],
            [
              118.92406,
              32.1119663
            ],
            [
              118.9240906,
              32.1119519
            ],
            [
              118.9241294,
              32.1119518
            ],
            [
              118.924469,
              32.1119511
            ],
            [
              118.9244962,
              32.1119587
            ],
            [
              118.92452,
              32.1119768
            ],
            [
              118.9245464,
              32.1119921
            ],
            [
              118.924599,
              32.1120018
            ],
            [
              118.9249072,
              32.1120042
            ],
            [
              118.9249322,
              32.1120089
            ],
            [
              118.9249461,
              32.112023
            ],
            [
              118.9249836,
              32.1119783
            ],
            [
              118.9249655,
              32.1119666
            ],
            [
              118.9249447,
              32.1119595
            ],
            [
              118.9249877,
              32.1119583
            ],
            [
              118.9250085,
              32.111963
            ],
            [
              118.9250197,
              32.111976
            ],
            [
              118.9250224,
              32.1121324
            ],
            [
              118.9250072,
              32.1121477
            ],
            [
              118.9247725,
              32.1121488
            ],
            [
              118.9247739,
              32.1122041
            ],
            [
              118.9241445,
              32.112204
            ],
            [
              118.9241445,
              32.112316
            ]
          ]
        ]
      }
    },
    {
      "type": "Feature",
      "id": "osm:way:224996124",
      "properties": {
        "featureType": "GREEN",
        "campusCode": "NJUPT_XIANLIN",
        "externalId": "osm:way:224996124",
        "name": "未命名绿地",
        "dataSource": "OPENSTREETMAP",
        "verificationStatus": "SOURCE_VERIFIED",
        "sourceId": "osm-xianlin-2026-08-22",
        "sourceUpdatedAt": null,
        "osmType": "way",
        "osmId": 224996124,
        "priority": 35
      },
      "geometry": {
        "type": "Polygon",
        "coordinates": [
          [
            [
              118.9241426,
              32.1125684
            ],
            [
              118.9240418,
              32.1125677
            ],
            [
              118.9240402,
              32.1127449
            ],
            [
              118.9240552,
              32.1127574
            ],
            [
              118.9245453,
              32.1127564
            ],
            [
              118.9245742,
              32.1127369
            ],
            [
              118.9246144,
              32.1127222
            ],
            [
              118.9246654,
              32.1127154
            ],
            [
              118.9248799,
              32.1127154
            ],
            [
              118.9249101,
              32.1127119
            ],
            [
              118.9249331,
              32.1127013
            ],
            [
              118.9249779,
              32.1127383
            ],
            [
              118.9249633,
              32.1127507
            ],
            [
              118.9249435,
              32.1127569
            ],
            [
              118.9254529,
              32.1127528
            ],
            [
              118.9254628,
              32.1127478
            ],
            [
              118.9254702,
              32.112738
            ],
            [
              118.925467,
              32.1126356
            ],
            [
              118.9253873,
              32.1126356
            ],
            [
              118.9253873,
              32.1125761
            ],
            [
              118.925467,
              32.1125761
            ],
            [
              118.925467,
              32.1125338
            ],
            [
              118.9254913,
              32.1125326
            ],
            [
              118.92549,
              32.1123931
            ],
            [
              118.9254832,
              32.1123759
            ],
            [
              118.9254683,
              32.1123713
            ],
            [
              118.9254065,
              32.1123702
            ],
            [
              118.925407,
              32.1124768
            ],
            [
              118.9248558,
              32.1124802
            ],
            [
              118.9248575,
              32.1125268
            ],
            [
              118.9248576,
              32.11269
            ],
            [
              118.9241417,
              32.1126903
            ],
            [
              118.9241426,
              32.1125684
            ]
          ]
        ]
      }
    },
    {
      "type": "Feature",
      "id": "osm:way:224996125",
      "properties": {
        "featureType": "GREEN",
        "campusCode": "NJUPT_XIANLIN",
        "externalId": "osm:way:224996125",
        "name": "未命名绿地",
        "dataSource": "OPENSTREETMAP",
        "verificationStatus": "SOURCE_VERIFIED",
        "sourceId": "osm-xianlin-2026-08-22",
        "sourceUpdatedAt": null,
        "osmType": "way",
        "osmId": 224996125,
        "priority": 35
      },
      "geometry": {
        "type": "Polygon",
        "coordinates": [
          [
            [
              118.9252496,
              32.1122034
            ],
            [
              118.9252496,
              32.1121849
            ],
            [
              118.9252617,
              32.1121677
            ],
            [
              118.9254576,
              32.1121684
            ],
            [
              118.9254778,
              32.1121728
            ],
            [
              118.9254876,
              32.1121887
            ],
            [
              118.92549,
              32.1123027
            ],
            [
              118.9254832,
              32.1123187
            ],
            [
              118.9254643,
              32.112329
            ],
            [
              118.9254063,
              32.1123302
            ],
            [
              118.9254058,
              32.1122033
            ],
            [
              118.9252496,
              32.1122034
            ]
          ]
        ]
      }
    },
    {
      "type": "Feature",
      "id": "osm:way:224997626",
      "properties": {
        "featureType": "GREEN",
        "campusCode": "NJUPT_XIANLIN",
        "externalId": "osm:way:224997626",
        "name": "未命名绿地",
        "dataSource": "OPENSTREETMAP",
        "verificationStatus": "SOURCE_VERIFIED",
        "sourceId": "osm-xianlin-2026-08-22",
        "sourceUpdatedAt": null,
        "osmType": "way",
        "osmId": 224997626,
        "priority": 35
      },
      "geometry": {
        "type": "Polygon",
        "coordinates": [
          [
            [
              118.924086,
              32.1112244
            ],
            [
              118.9242138,
              32.1112237
            ],
            [
              118.9242134,
              32.1111702
            ],
            [
              118.9240856,
              32.1111709
            ],
            [
              118.924086,
              32.1112244
            ]
          ]
        ]
      }
    },
    {
      "type": "Feature",
      "id": "osm:way:224997627",
      "properties": {
        "featureType": "GREEN",
        "campusCode": "NJUPT_XIANLIN",
        "externalId": "osm:way:224997627",
        "name": "未命名绿地",
        "dataSource": "OPENSTREETMAP",
        "verificationStatus": "SOURCE_VERIFIED",
        "sourceId": "osm-xianlin-2026-08-22",
        "sourceUpdatedAt": null,
        "osmType": "way",
        "osmId": 224997627,
        "priority": 35
      },
      "geometry": {
        "type": "Polygon",
        "coordinates": [
          [
            [
              118.9242499,
              32.1112244
            ],
            [
              118.9242502,
              32.1111716
            ],
            [
              118.9243819,
              32.1111722
            ],
            [
              118.9243815,
              32.111225
            ],
            [
              118.9242499,
              32.1112244
            ]
          ]
        ]
      }
    },
    {
      "type": "Feature",
      "id": "osm:way:224997628",
      "properties": {
        "featureType": "GREEN",
        "campusCode": "NJUPT_XIANLIN",
        "externalId": "osm:way:224997628",
        "name": "未命名绿地",
        "dataSource": "OPENSTREETMAP",
        "verificationStatus": "SOURCE_VERIFIED",
        "sourceId": "osm-xianlin-2026-08-22",
        "sourceUpdatedAt": null,
        "osmType": "way",
        "osmId": 224997628,
        "priority": 35
      },
      "geometry": {
        "type": "Polygon",
        "coordinates": [
          [
            [
              118.9244127,
              32.1112244
            ],
            [
              118.9244138,
              32.1111704
            ],
            [
              118.9245397,
              32.1111699
            ],
            [
              118.9245399,
              32.1112241
            ],
            [
              118.9244127,
              32.1112244
            ]
          ]
        ]
      }
    },
    {
      "type": "Feature",
      "id": "osm:way:224997629",
      "properties": {
        "featureType": "GREEN",
        "campusCode": "NJUPT_XIANLIN",
        "externalId": "osm:way:224997629",
        "name": "未命名绿地",
        "dataSource": "OPENSTREETMAP",
        "verificationStatus": "SOURCE_VERIFIED",
        "sourceId": "osm-xianlin-2026-08-22",
        "sourceUpdatedAt": null,
        "osmType": "way",
        "osmId": 224997629,
        "priority": 35
      },
      "geometry": {
        "type": "Polygon",
        "coordinates": [
          [
            [
              118.92457,
              32.1112235
            ],
            [
              118.9246953,
              32.1112225
            ],
            [
              118.9246959,
              32.1111708
            ],
            [
              118.9245711,
              32.1111731
            ],
            [
              118.92457,
              32.1112235
            ]
          ]
        ]
      }
    },
    {
      "type": "Feature",
      "id": "osm:way:224997630",
      "properties": {
        "featureType": "GREEN",
        "campusCode": "NJUPT_XIANLIN",
        "externalId": "osm:way:224997630",
        "name": "未命名绿地",
        "dataSource": "OPENSTREETMAP",
        "verificationStatus": "SOURCE_VERIFIED",
        "sourceId": "osm-xianlin-2026-08-22",
        "sourceUpdatedAt": null,
        "osmType": "way",
        "osmId": 224997630,
        "priority": 35
      },
      "geometry": {
        "type": "Polygon",
        "coordinates": [
          [
            [
              118.9247283,
              32.1112207
            ],
            [
              118.9247294,
              32.1111713
            ],
            [
              118.9248581,
              32.1111713
            ],
            [
              118.924857,
              32.1112207
            ],
            [
              118.9247283,
              32.1112207
            ]
          ]
        ]
      }
    },
    {
      "type": "Feature",
      "id": "osm:way:224997758",
      "properties": {
        "featureType": "GREEN",
        "campusCode": "NJUPT_XIANLIN",
        "externalId": "osm:way:224997758",
        "name": "未命名绿地",
        "dataSource": "OPENSTREETMAP",
        "verificationStatus": "SOURCE_VERIFIED",
        "sourceId": "osm-xianlin-2026-08-22",
        "sourceUpdatedAt": null,
        "osmType": "way",
        "osmId": 224997758,
        "priority": 35
      },
      "geometry": {
        "type": "Polygon",
        "coordinates": [
          [
            [
              118.925379,
              32.111233
            ],
            [
              118.9255072,
              32.1112315
            ],
            [
              118.9255062,
              32.1111731
            ],
            [
              118.925378,
              32.1111746
            ],
            [
              118.925379,
              32.111233
            ]
          ]
        ]
      }
    },
    {
      "type": "Feature",
      "id": "osm:way:224997759",
      "properties": {
        "featureType": "GREEN",
        "campusCode": "NJUPT_XIANLIN",
        "externalId": "osm:way:224997759",
        "name": "未命名绿地",
        "dataSource": "OPENSTREETMAP",
        "verificationStatus": "SOURCE_VERIFIED",
        "sourceId": "osm-xianlin-2026-08-22",
        "sourceUpdatedAt": null,
        "osmType": "way",
        "osmId": 224997759,
        "priority": 35
      },
      "geometry": {
        "type": "Polygon",
        "coordinates": [
          [
            [
              118.9255452,
              32.111233
            ],
            [
              118.9255455,
              32.1111757
            ],
            [
              118.9256616,
              32.1111761
            ],
            [
              118.9256613,
              32.1112334
            ],
            [
              118.9255452,
              32.111233
            ]
          ]
        ]
      }
    },
    {
      "type": "Feature",
      "id": "osm:way:224997760",
      "properties": {
        "featureType": "GREEN",
        "campusCode": "NJUPT_XIANLIN",
        "externalId": "osm:way:224997760",
        "name": "未命名绿地",
        "dataSource": "OPENSTREETMAP",
        "verificationStatus": "SOURCE_VERIFIED",
        "sourceId": "osm-xianlin-2026-08-22",
        "sourceUpdatedAt": null,
        "osmType": "way",
        "osmId": 224997760,
        "priority": 35
      },
      "geometry": {
        "type": "Polygon",
        "coordinates": [
          [
            [
              118.9256984,
              32.1112318
            ],
            [
              118.925698,
              32.1111775
            ],
            [
              118.9258256,
              32.1111767
            ],
            [
              118.9258261,
              32.111231
            ],
            [
              118.9256984,
              32.1112318
            ]
          ]
        ]
      }
    },
    {
      "type": "Feature",
      "id": "osm:way:224997761",
      "properties": {
        "featureType": "GREEN",
        "campusCode": "NJUPT_XIANLIN",
        "externalId": "osm:way:224997761",
        "name": "未命名绿地",
        "dataSource": "OPENSTREETMAP",
        "verificationStatus": "SOURCE_VERIFIED",
        "sourceId": "osm-xianlin-2026-08-22",
        "sourceUpdatedAt": null,
        "osmType": "way",
        "osmId": 224997761,
        "priority": 35
      },
      "geometry": {
        "type": "Polygon",
        "coordinates": [
          [
            [
              118.9258603,
              32.1112306
            ],
            [
              118.9258599,
              32.1111788
            ],
            [
              118.9259947,
              32.1111779
            ],
            [
              118.9259952,
              32.1112297
            ],
            [
              118.9258603,
              32.1112306
            ]
          ]
        ]
      }
    },
    {
      "type": "Feature",
      "id": "osm:way:225004378",
      "properties": {
        "featureType": "GREEN",
        "campusCode": "NJUPT_XIANLIN",
        "externalId": "osm:way:225004378",
        "name": "未命名绿地",
        "dataSource": "OPENSTREETMAP",
        "verificationStatus": "SOURCE_VERIFIED",
        "sourceId": "osm-xianlin-2026-08-22",
        "sourceUpdatedAt": null,
        "osmType": "way",
        "osmId": 225004378,
        "priority": 35
      },
      "geometry": {
        "type": "Polygon",
        "coordinates": [
          [
            [
              118.9264198,
              32.1139447
            ],
            [
              118.9264732,
              32.1139458
            ],
            [
              118.9264713,
              32.1138771
            ],
            [
              118.9265393,
              32.1138763
            ],
            [
              118.9265389,
              32.1135193
            ],
            [
              118.9268369,
              32.1135191
            ],
            [
              118.9268374,
              32.1134651
            ],
            [
              118.9264352,
              32.113467
            ],
            [
              118.9264217,
              32.1134711
            ],
            [
              118.9264168,
              32.1134799
            ],
            [
              118.9264198,
              32.1139447
            ]
          ]
        ]
      }
    },
    {
      "type": "Feature",
      "id": "osm:way:225004379",
      "properties": {
        "featureType": "GREEN",
        "campusCode": "NJUPT_XIANLIN",
        "externalId": "osm:way:225004379",
        "name": "未命名绿地",
        "dataSource": "OPENSTREETMAP",
        "verificationStatus": "SOURCE_VERIFIED",
        "sourceId": "osm-xianlin-2026-08-22",
        "sourceUpdatedAt": null,
        "osmType": "way",
        "osmId": 225004379,
        "priority": 35
      },
      "geometry": {
        "type": "Polygon",
        "coordinates": [
          [
            [
              118.9264205,
              32.1141129
            ],
            [
              118.9264743,
              32.1141144
            ],
            [
              118.9264761,
              32.1141797
            ],
            [
              118.9265396,
              32.1141842
            ],
            [
              118.92654,
              32.1145185
            ],
            [
              118.9268343,
              32.1145197
            ],
            [
              118.9268343,
              32.1145838
            ],
            [
              118.926474,
              32.114591
            ],
            [
              118.926437,
              32.1145724
            ],
            [
              118.9264201,
              32.1145396
            ],
            [
              118.9264205,
              32.1141129
            ]
          ]
        ]
      }
    },
    {
      "type": "Feature",
      "id": "osm:way:225004380",
      "properties": {
        "featureType": "GREEN",
        "campusCode": "NJUPT_XIANLIN",
        "externalId": "osm:way:225004380",
        "name": "未命名绿地",
        "dataSource": "OPENSTREETMAP",
        "verificationStatus": "SOURCE_VERIFIED",
        "sourceId": "osm-xianlin-2026-08-22",
        "sourceUpdatedAt": null,
        "osmType": "way",
        "osmId": 225004380,
        "priority": 35
      },
      "geometry": {
        "type": "Polygon",
        "coordinates": [
          [
            [
              118.9269858,
              32.1145824
            ],
            [
              118.9269858,
              32.114521
            ],
            [
              118.927273,
              32.1145225
            ],
            [
              118.9272759,
              32.1141418
            ],
            [
              118.927341,
              32.1141433
            ],
            [
              118.9273318,
              32.114567
            ],
            [
              118.9272518,
              32.1145724
            ],
            [
              118.9269858,
              32.1145824
            ]
          ]
        ]
      }
    },
    {
      "type": "Feature",
      "id": "osm:way:225004381",
      "properties": {
        "featureType": "GREEN",
        "campusCode": "NJUPT_XIANLIN",
        "externalId": "osm:way:225004381",
        "name": "未命名绿地",
        "dataSource": "OPENSTREETMAP",
        "verificationStatus": "SOURCE_VERIFIED",
        "sourceId": "osm-xianlin-2026-08-22",
        "sourceUpdatedAt": null,
        "osmType": "way",
        "osmId": 225004381,
        "priority": 35
      },
      "geometry": {
        "type": "Polygon",
        "coordinates": [
          [
            [
              118.927378,
              32.1145568
            ],
            [
              118.9273814,
              32.1142801
            ],
            [
              118.9275161,
              32.1142816
            ],
            [
              118.9275346,
              32.1143899
            ],
            [
              118.9275666,
              32.1144983
            ],
            [
              118.9274723,
              32.1145339
            ],
            [
              118.927378,
              32.1145568
            ]
          ]
        ]
      }
    },
    {
      "type": "Feature",
      "id": "osm:way:225004382",
      "properties": {
        "featureType": "GREEN",
        "campusCode": "NJUPT_XIANLIN",
        "externalId": "osm:way:225004382",
        "name": "未命名绿地",
        "dataSource": "OPENSTREETMAP",
        "verificationStatus": "SOURCE_VERIFIED",
        "sourceId": "osm-xianlin-2026-08-22",
        "sourceUpdatedAt": null,
        "osmType": "way",
        "osmId": 225004382,
        "priority": 35
      },
      "geometry": {
        "type": "Polygon",
        "coordinates": [
          [
            [
              118.9269692,
              32.1135198
            ],
            [
              118.9269701,
              32.1134668
            ],
            [
              118.9273121,
              32.113468
            ],
            [
              118.9273302,
              32.1134748
            ],
            [
              118.9273347,
              32.113489
            ],
            [
              118.9273302,
              32.1139249
            ],
            [
              118.9272776,
              32.1139249
            ],
            [
              118.9272807,
              32.1135215
            ],
            [
              118.9269692,
              32.1135198
            ]
          ]
        ]
      }
    },
    {
      "type": "Feature",
      "id": "osm:way:225004383",
      "properties": {
        "featureType": "GREEN",
        "campusCode": "NJUPT_XIANLIN",
        "externalId": "osm:way:225004383",
        "name": "未命名绿地",
        "dataSource": "OPENSTREETMAP",
        "verificationStatus": "SOURCE_VERIFIED",
        "sourceId": "osm-xianlin-2026-08-22",
        "sourceUpdatedAt": null,
        "osmType": "way",
        "osmId": 225004383,
        "priority": 35
      },
      "geometry": {
        "type": "Polygon",
        "coordinates": [
          [
            [
              118.9273782,
              32.1137881
            ],
            [
              118.9273778,
              32.1134704
            ],
            [
              118.927404,
              32.1134698
            ],
            [
              118.9274054,
              32.1134955
            ],
            [
              118.9274278,
              32.1134955
            ],
            [
              118.9274278,
              32.1134787
            ],
            [
              118.9274278,
              32.1134697
            ],
            [
              118.9274453,
              32.1134697
            ],
            [
              118.9274645,
              32.1134792
            ],
            [
              118.9274725,
              32.1134955
            ],
            [
              118.9274853,
              32.1137881
            ],
            [
              118.9273782,
              32.1137881
            ]
          ]
        ]
      }
    },
    {
      "type": "Feature",
      "id": "osm:way:225006155",
      "properties": {
        "featureType": "GREEN",
        "campusCode": "NJUPT_XIANLIN",
        "externalId": "osm:way:225006155",
        "name": "未命名绿地",
        "dataSource": "OPENSTREETMAP",
        "verificationStatus": "SOURCE_VERIFIED",
        "sourceId": "osm-xianlin-2026-08-22",
        "sourceUpdatedAt": null,
        "osmType": "way",
        "osmId": 225006155,
        "priority": 35
      },
      "geometry": {
        "type": "Polygon",
        "coordinates": [
          [
            [
              118.9277006,
              32.1138273
            ],
            [
              118.9278662,
              32.1138273
            ],
            [
              118.9278662,
              32.1134335
            ],
            [
              118.9277143,
              32.1134335
            ],
            [
              118.9276938,
              32.1134393
            ],
            [
              118.9276802,
              32.1134528
            ],
            [
              118.9276802,
              32.1135815
            ],
            [
              118.9277006,
              32.1138273
            ]
          ]
        ]
      }
    },
    {
      "type": "Feature",
      "id": "osm:way:225006156",
      "properties": {
        "featureType": "GREEN",
        "campusCode": "NJUPT_XIANLIN",
        "externalId": "osm:way:225006156",
        "name": "未命名绿地",
        "dataSource": "OPENSTREETMAP",
        "verificationStatus": "SOURCE_VERIFIED",
        "sourceId": "osm-xianlin-2026-08-22",
        "sourceUpdatedAt": null,
        "osmType": "way",
        "osmId": 225006156,
        "priority": 35
      },
      "geometry": {
        "type": "Polygon",
        "coordinates": [
          [
            [
              118.928055,
              32.1134753
            ],
            [
              118.9280535,
              32.1134337
            ],
            [
              118.9279171,
              32.113435
            ],
            [
              118.9279156,
              32.1138264
            ],
            [
              118.9279658,
              32.1138263
            ],
            [
              118.9279641,
              32.1134756
            ],
            [
              118.928055,
              32.1134753
            ]
          ]
        ]
      }
    },
    {
      "type": "Feature",
      "id": "osm:way:225006466",
      "properties": {
        "featureType": "GREEN",
        "campusCode": "NJUPT_XIANLIN",
        "externalId": "osm:way:225006466",
        "name": "未命名绿地",
        "dataSource": "OPENSTREETMAP",
        "verificationStatus": "SOURCE_VERIFIED",
        "sourceId": "osm-xianlin-2026-08-22",
        "sourceUpdatedAt": null,
        "osmType": "way",
        "osmId": 225006466,
        "priority": 35
      },
      "geometry": {
        "type": "Polygon",
        "coordinates": [
          [
            [
              118.9278626,
              32.1141331
            ],
            [
              118.9278702,
              32.1144975
            ],
            [
              118.9278308,
              32.1144963
            ],
            [
              118.9278081,
              32.1144809
            ],
            [
              118.9277914,
              32.1144398
            ],
            [
              118.9277474,
              32.1141305
            ],
            [
              118.9278626,
              32.1141331
            ]
          ]
        ]
      }
    },
    {
      "type": "Feature",
      "id": "osm:way:225006467",
      "properties": {
        "featureType": "GREEN",
        "campusCode": "NJUPT_XIANLIN",
        "externalId": "osm:way:225006467",
        "name": "未命名绿地",
        "dataSource": "OPENSTREETMAP",
        "verificationStatus": "SOURCE_VERIFIED",
        "sourceId": "osm-xianlin-2026-08-22",
        "sourceUpdatedAt": null,
        "osmType": "way",
        "osmId": 225006467,
        "priority": 35
      },
      "geometry": {
        "type": "Polygon",
        "coordinates": [
          [
            [
              118.9279187,
              32.1141331
            ],
            [
              118.9279667,
              32.1141315
            ],
            [
              118.9279687,
              32.1144483
            ],
            [
              118.9280686,
              32.1144498
            ],
            [
              118.9280687,
              32.1144988
            ],
            [
              118.9279187,
              32.1144963
            ],
            [
              118.9279187,
              32.1141331
            ]
          ]
        ]
      }
    },
    {
      "type": "Feature",
      "id": "osm:way:225200151",
      "properties": {
        "featureType": "GREEN",
        "campusCode": "NJUPT_XIANLIN",
        "externalId": "osm:way:225200151",
        "name": "未命名绿地",
        "dataSource": "OPENSTREETMAP",
        "verificationStatus": "SOURCE_VERIFIED",
        "sourceId": "osm-xianlin-2026-08-22",
        "sourceUpdatedAt": null,
        "osmType": "way",
        "osmId": 225200151,
        "priority": 35
      },
      "geometry": {
        "type": "Polygon",
        "coordinates": [
          [
            [
              118.9253987,
              32.1113355
            ],
            [
              118.9253986,
              32.1112806
            ],
            [
              118.9259811,
              32.1112833
            ],
            [
              118.9260116,
              32.1112928
            ],
            [
              118.9260299,
              32.1113229
            ],
            [
              118.926034,
              32.1115063
            ],
            [
              118.9259754,
              32.1115046
            ],
            [
              118.9259755,
              32.1113358
            ],
            [
              118.9253987,
              32.1113355
            ]
          ]
        ]
      }
    },
    {
      "type": "Feature",
      "id": "osm:way:225200152",
      "properties": {
        "featureType": "GREEN",
        "campusCode": "NJUPT_XIANLIN",
        "externalId": "osm:way:225200152",
        "name": "未命名绿地",
        "dataSource": "OPENSTREETMAP",
        "verificationStatus": "SOURCE_VERIFIED",
        "sourceId": "osm-xianlin-2026-08-22",
        "sourceUpdatedAt": null,
        "osmType": "way",
        "osmId": 225200152,
        "priority": 35
      },
      "geometry": {
        "type": "Polygon",
        "coordinates": [
          [
            [
              118.9253804,
              32.1096802
            ],
            [
              118.925383,
              32.1096352
            ],
            [
              118.9253939,
              32.1096239
            ],
            [
              118.9254098,
              32.1096176
            ],
            [
              118.9259964,
              32.1096239
            ],
            [
              118.9260403,
              32.109637
            ],
            [
              118.9260661,
              32.109664
            ],
            [
              118.9260622,
              32.1098502
            ],
            [
              118.9260486,
              32.1098652
            ],
            [
              118.9260277,
              32.1098688
            ],
            [
              118.9259853,
              32.1098679
            ],
            [
              118.9259866,
              32.1096831
            ],
            [
              118.9253804,
              32.1096802
            ]
          ]
        ]
      }
    },
    {
      "type": "Feature",
      "id": "osm:way:225200153",
      "properties": {
        "featureType": "GREEN",
        "campusCode": "NJUPT_XIANLIN",
        "externalId": "osm:way:225200153",
        "name": "未命名绿地",
        "dataSource": "OPENSTREETMAP",
        "verificationStatus": "SOURCE_VERIFIED",
        "sourceId": "osm-xianlin-2026-08-22",
        "sourceUpdatedAt": null,
        "osmType": "way",
        "osmId": 225200153,
        "priority": 35
      },
      "geometry": {
        "type": "Polygon",
        "coordinates": [
          [
            [
              118.925983,
              32.110227
            ],
            [
              118.9259823,
              32.1102922
            ],
            [
              118.9259871,
              32.1102912
            ],
            [
              118.9260257,
              32.1102919
            ],
            [
              118.9260591,
              32.1102912
            ],
            [
              118.9260615,
              32.1101102
            ],
            [
              118.9260576,
              32.1100994
            ],
            [
              118.926043,
              32.1100897
            ],
            [
              118.9259839,
              32.1100908
            ],
            [
              118.925983,
              32.110227
            ]
          ]
        ]
      }
    },
    {
      "type": "Feature",
      "id": "osm:way:225269029",
      "properties": {
        "featureType": "GREEN",
        "campusCode": "NJUPT_XIANLIN",
        "externalId": "osm:way:225269029",
        "name": "未命名绿地",
        "dataSource": "OPENSTREETMAP",
        "verificationStatus": "SOURCE_VERIFIED",
        "sourceId": "osm-xianlin-2026-08-22",
        "sourceUpdatedAt": null,
        "osmType": "way",
        "osmId": 225269029,
        "priority": 35
      },
      "geometry": {
        "type": "Polygon",
        "coordinates": [
          [
            [
              118.926331,
              32.1149856
            ],
            [
              118.9263252,
              32.1150039
            ],
            [
              118.9263093,
              32.1150173
            ],
            [
              118.9262877,
              32.1150222
            ],
            [
              118.9262661,
              32.1150173
            ],
            [
              118.9262503,
              32.1150039
            ],
            [
              118.9262445,
              32.1149856
            ],
            [
              118.9262503,
              32.1149673
            ],
            [
              118.9262661,
              32.1149539
            ],
            [
              118.9262877,
              32.114949
            ],
            [
              118.9263093,
              32.1149539
            ],
            [
              118.9263252,
              32.1149673
            ],
            [
              118.926331,
              32.1149856
            ]
          ]
        ]
      }
    },
    {
      "type": "Feature",
      "id": "osm:way:224938508",
      "properties": {
        "featureType": "GREEN",
        "campusCode": "NJUPT_XIANLIN",
        "externalId": "osm:way:224938508",
        "name": "未命名绿地",
        "dataSource": "OPENSTREETMAP",
        "verificationStatus": "SOURCE_VERIFIED",
        "sourceId": "osm-xianlin-2026-08-22",
        "sourceUpdatedAt": null,
        "osmType": "way",
        "osmId": 224938508,
        "priority": 35
      },
      "geometry": {
        "type": "Polygon",
        "coordinates": [
          [
            [
              118.9286931,
              32.1096099
            ],
            [
              118.9286789,
              32.1096548
            ],
            [
              118.9286401,
              32.1096876
            ],
            [
              118.9285871,
              32.1096996
            ],
            [
              118.9285341,
              32.1096876
            ],
            [
              118.9284954,
              32.1096548
            ],
            [
              118.9284811,
              32.1096099
            ],
            [
              118.9284954,
              32.109565
            ],
            [
              118.9285341,
              32.1095321
            ],
            [
              118.9285871,
              32.1095201
            ],
            [
              118.9286401,
              32.1095321
            ],
            [
              118.9286789,
              32.109565
            ],
            [
              118.9286931,
              32.1096099
            ]
          ]
        ]
      }
    },
    {
      "type": "Feature",
      "id": "osm:way:225001565",
      "properties": {
        "featureType": "GREEN",
        "campusCode": "NJUPT_XIANLIN",
        "externalId": "osm:way:225001565",
        "name": "未命名绿地",
        "dataSource": "OPENSTREETMAP",
        "verificationStatus": "SOURCE_VERIFIED",
        "sourceId": "osm-xianlin-2026-08-22",
        "sourceUpdatedAt": null,
        "osmType": "way",
        "osmId": 225001565,
        "priority": 35
      },
      "geometry": {
        "type": "Polygon",
        "coordinates": [
          [
            [
              118.9285493,
              32.1111656
            ],
            [
              118.9285504,
              32.1110685
            ],
            [
              118.9289657,
              32.111056
            ],
            [
              118.9290744,
              32.1110658
            ],
            [
              118.9291671,
              32.1111042
            ],
            [
              118.9292,
              32.1111357
            ],
            [
              118.9292286,
              32.1111855
            ],
            [
              118.9292382,
              32.1112447
            ],
            [
              118.9292112,
              32.1113295
            ],
            [
              118.9291286,
              32.1113322
            ],
            [
              118.929094,
              32.1113322
            ],
            [
              118.9290928,
              32.1112959
            ],
            [
              118.9290916,
              32.1111868
            ],
            [
              118.9289968,
              32.1111864
            ],
            [
              118.9289983,
              32.1111559
            ],
            [
              118.9285493,
              32.1111656
            ]
          ]
        ]
      }
    },
    {
      "type": "Feature",
      "id": "osm:way:225001566",
      "properties": {
        "featureType": "GREEN",
        "campusCode": "NJUPT_XIANLIN",
        "externalId": "osm:way:225001566",
        "name": "未命名绿地",
        "dataSource": "OPENSTREETMAP",
        "verificationStatus": "SOURCE_VERIFIED",
        "sourceId": "osm-xianlin-2026-08-22",
        "sourceUpdatedAt": null,
        "osmType": "way",
        "osmId": 225001566,
        "priority": 35
      },
      "geometry": {
        "type": "Polygon",
        "coordinates": [
          [
            [
              118.9290929,
              32.1114061
            ],
            [
              118.9291752,
              32.1114115
            ],
            [
              118.9292014,
              32.1114318
            ],
            [
              118.9292048,
              32.1114588
            ],
            [
              118.9291644,
              32.1117254
            ],
            [
              118.9291147,
              32.1119889
            ],
            [
              118.9290808,
              32.1121486
            ],
            [
              118.9285533,
              32.1121446
            ],
            [
              118.9285533,
              32.1120287
            ],
            [
              118.9288727,
              32.112028
            ],
            [
              118.928873,
              32.1120962
            ],
            [
              118.9290342,
              32.1120958
            ],
            [
              118.9290338,
              32.111973
            ],
            [
              118.9290381,
              32.1118222
            ],
            [
              118.9290389,
              32.1117218
            ],
            [
              118.9290345,
              32.1115607
            ],
            [
              118.9290906,
              32.1115613
            ],
            [
              118.929092,
              32.1114628
            ],
            [
              118.9290929,
              32.1114061
            ]
          ]
        ]
      }
    },
    {
      "type": "Feature",
      "id": "osm:way:225002056",
      "properties": {
        "featureType": "GREEN",
        "campusCode": "NJUPT_XIANLIN",
        "externalId": "osm:way:225002056",
        "name": "未命名绿地",
        "dataSource": "OPENSTREETMAP",
        "verificationStatus": "SOURCE_VERIFIED",
        "sourceId": "osm-xianlin-2026-08-22",
        "sourceUpdatedAt": null,
        "osmType": "way",
        "osmId": 225002056,
        "priority": 35
      },
      "geometry": {
        "type": "Polygon",
        "coordinates": [
          [
            [
              118.928555,
              32.1123286
            ],
            [
              118.9289101,
              32.11233
            ],
            [
              118.9289098,
              32.112374
            ],
            [
              118.9290314,
              32.1123745
            ],
            [
              118.9290309,
              32.1124659
            ],
            [
              118.9289707,
              32.1124656
            ],
            [
              118.9289743,
              32.1126504
            ],
            [
              118.9290339,
              32.1126499
            ],
            [
              118.929035,
              32.1127413
            ],
            [
              118.9289723,
              32.1127418
            ],
            [
              118.9289723,
              32.1129147
            ],
            [
              118.9290357,
              32.1129147
            ],
            [
              118.9290356,
              32.1130052
            ],
            [
              118.9289743,
              32.1130051
            ],
            [
              118.9289742,
              32.1131657
            ],
            [
              118.9290425,
              32.1131645
            ],
            [
              118.9290883,
              32.1131642
            ],
            [
              118.9290715,
              32.1129566
            ],
            [
              118.9290622,
              32.1127581
            ],
            [
              118.9290662,
              32.1124454
            ],
            [
              118.929085,
              32.1122273
            ],
            [
              118.9290689,
              32.1122102
            ],
            [
              118.9285536,
              32.1122188
            ],
            [
              118.928555,
              32.1123286
            ]
          ]
        ]
      }
    },
    {
      "type": "Feature",
      "id": "osm:way:225002057",
      "properties": {
        "featureType": "GREEN",
        "campusCode": "NJUPT_XIANLIN",
        "externalId": "osm:way:225002057",
        "name": "未命名绿地",
        "dataSource": "OPENSTREETMAP",
        "verificationStatus": "SOURCE_VERIFIED",
        "sourceId": "osm-xianlin-2026-08-22",
        "sourceUpdatedAt": null,
        "osmType": "way",
        "osmId": 225002057,
        "priority": 35
      },
      "geometry": {
        "type": "Polygon",
        "coordinates": [
          [
            [
              118.9290425,
              32.1131645
            ],
            [
              118.9290409,
              32.1132722
            ],
            [
              118.9288885,
              32.1132697
            ],
            [
              118.9288885,
              32.11323
            ],
            [
              118.9285192,
              32.11323
            ],
            [
              118.9285206,
              32.1133788
            ],
            [
              118.9290827,
              32.113373
            ],
            [
              118.9291063,
              32.1133577
            ],
            [
              118.9291118,
              32.1133437
            ],
            [
              118.9290883,
              32.1131642
            ],
            [
              118.9290425,
              32.1131645
            ]
          ]
        ]
      }
    },
    {
      "type": "Feature",
      "id": "osm:way:225002901",
      "properties": {
        "featureType": "GREEN",
        "campusCode": "NJUPT_XIANLIN",
        "externalId": "osm:way:225002901",
        "name": "未命名绿地",
        "dataSource": "OPENSTREETMAP",
        "verificationStatus": "SOURCE_VERIFIED",
        "sourceId": "osm-xianlin-2026-08-22",
        "sourceUpdatedAt": null,
        "osmType": "way",
        "osmId": 225002901,
        "priority": 35
      },
      "geometry": {
        "type": "Polygon",
        "coordinates": [
          [
            [
              118.9282283,
              32.1111726
            ],
            [
              118.9282274,
              32.1110774
            ],
            [
              118.9285117,
              32.1110733
            ],
            [
              118.9285131,
              32.1111664
            ],
            [
              118.9284664,
              32.1111674
            ],
            [
              118.9282283,
              32.1111726
            ]
          ]
        ]
      }
    },
    {
      "type": "Feature",
      "id": "osm:way:225088249",
      "properties": {
        "featureType": "GREEN",
        "campusCode": "NJUPT_XIANLIN",
        "externalId": "osm:way:225088249",
        "name": "未命名绿地",
        "dataSource": "OPENSTREETMAP",
        "verificationStatus": "SOURCE_VERIFIED",
        "sourceId": "osm-xianlin-2026-08-22",
        "sourceUpdatedAt": null,
        "osmType": "way",
        "osmId": 225088249,
        "priority": 35
      },
      "geometry": {
        "type": "Polygon",
        "coordinates": [
          [
            [
              118.9287804,
              32.1135148
            ],
            [
              118.9287804,
              32.1134344
            ],
            [
              118.9285879,
              32.1134357
            ],
            [
              118.9285771,
              32.1134423
            ],
            [
              118.9285709,
              32.1134644
            ],
            [
              118.9285722,
              32.113566
            ],
            [
              118.9286832,
              32.1135648
            ],
            [
              118.9286825,
              32.1135159
            ],
            [
              118.9287804,
              32.1135148
            ]
          ]
        ]
      }
    },
    {
      "type": "Feature",
      "id": "osm:way:225090743",
      "properties": {
        "featureType": "GREEN",
        "campusCode": "NJUPT_XIANLIN",
        "externalId": "osm:way:225090743",
        "name": "未命名绿地",
        "dataSource": "OPENSTREETMAP",
        "verificationStatus": "SOURCE_VERIFIED",
        "sourceId": "osm-xianlin-2026-08-22",
        "sourceUpdatedAt": null,
        "osmType": "way",
        "osmId": 225090743,
        "priority": 35
      },
      "geometry": {
        "type": "Polygon",
        "coordinates": [
          [
            [
              118.928822,
              32.1135146
            ],
            [
              118.928822,
              32.113437
            ],
            [
              118.9290762,
              32.1134331
            ],
            [
              118.9291055,
              32.113441
            ],
            [
              118.9291271,
              32.1134566
            ],
            [
              118.9291745,
              32.113671
            ],
            [
              118.929235,
              32.1138998
            ],
            [
              118.9293298,
              32.1142396
            ],
            [
              118.9293925,
              32.114447
            ],
            [
              118.9293808,
              32.1144739
            ],
            [
              118.9293408,
              32.114488
            ],
            [
              118.9289257,
              32.1144866
            ],
            [
              118.9289273,
              32.1143468
            ],
            [
              118.9290307,
              32.1143454
            ],
            [
              118.9290314,
              32.1143841
            ],
            [
              118.9291316,
              32.114383
            ],
            [
              118.929234,
              32.1143824
            ],
            [
              118.9292331,
              32.1142671
            ],
            [
              118.9291594,
              32.1142675
            ],
            [
              118.9291507,
              32.1140065
            ],
            [
              118.9291495,
              32.1139213
            ],
            [
              118.9291025,
              32.1139219
            ],
            [
              118.9291007,
              32.1136817
            ],
            [
              118.9291007,
              32.1135631
            ],
            [
              118.9289807,
              32.1135623
            ],
            [
              118.9289807,
              32.113514
            ],
            [
              118.928822,
              32.1135146
            ]
          ]
        ]
      }
    },
    {
      "type": "Feature",
      "id": "osm:way:225090744",
      "properties": {
        "featureType": "GREEN",
        "campusCode": "NJUPT_XIANLIN",
        "externalId": "osm:way:225090744",
        "name": "未命名绿地",
        "dataSource": "OPENSTREETMAP",
        "verificationStatus": "SOURCE_VERIFIED",
        "sourceId": "osm-xianlin-2026-08-22",
        "sourceUpdatedAt": null,
        "osmType": "way",
        "osmId": 225090744,
        "priority": 35
      },
      "geometry": {
        "type": "Polygon",
        "coordinates": [
          [
            [
              118.9285827,
              32.114384
            ],
            [
              118.9285822,
              32.1144583
            ],
            [
              118.9285972,
              32.1144781
            ],
            [
              118.9286323,
              32.1144894
            ],
            [
              118.9288823,
              32.114488
            ],
            [
              118.9288857,
              32.1143454
            ],
            [
              118.9287973,
              32.1143482
            ],
            [
              118.9287966,
              32.1143831
            ],
            [
              118.9286782,
              32.1143837
            ],
            [
              118.9285827,
              32.114384
            ]
          ]
        ]
      }
    },
    {
      "type": "Feature",
      "id": "osm:way:225092251",
      "properties": {
        "featureType": "GREEN",
        "campusCode": "NJUPT_XIANLIN",
        "externalId": "osm:way:225092251",
        "name": "未命名绿地",
        "dataSource": "OPENSTREETMAP",
        "verificationStatus": "SOURCE_VERIFIED",
        "sourceId": "osm-xianlin-2026-08-22",
        "sourceUpdatedAt": null,
        "osmType": "way",
        "osmId": 225092251,
        "priority": 35
      },
      "geometry": {
        "type": "Polygon",
        "coordinates": [
          [
            [
              118.9289921,
              32.1155956
            ],
            [
              118.9289932,
              32.1157099
            ],
            [
              118.9289993,
              32.1157225
            ],
            [
              118.9290123,
              32.1157287
            ],
            [
              118.929743,
              32.1157228
            ],
            [
              118.9297672,
              32.1157041
            ],
            [
              118.9297693,
              32.1156648
            ],
            [
              118.9296741,
              32.1153635
            ],
            [
              118.9296229,
              32.1151768
            ],
            [
              118.9296043,
              32.1151618
            ],
            [
              118.929573,
              32.1151575
            ],
            [
              118.9293927,
              32.1151575
            ],
            [
              118.9293926,
              32.1152098
            ],
            [
              118.9293931,
              32.1152354
            ],
            [
              118.9294817,
              32.1152353
            ],
            [
              118.929482,
              32.1153199
            ],
            [
              118.9294814,
              32.1153735
            ],
            [
              118.9295649,
              32.1153739
            ],
            [
              118.9295691,
              32.1155265
            ],
            [
              118.9295691,
              32.1156203
            ],
            [
              118.9293889,
              32.1156197
            ],
            [
              118.9293895,
              32.115595
            ],
            [
              118.9289921,
              32.1155956
            ]
          ]
        ]
      }
    },
    {
      "type": "Feature",
      "id": "osm:way:225092397",
      "properties": {
        "featureType": "GREEN",
        "campusCode": "NJUPT_XIANLIN",
        "externalId": "osm:way:225092397",
        "name": "未命名绿地",
        "dataSource": "OPENSTREETMAP",
        "verificationStatus": "SOURCE_VERIFIED",
        "sourceId": "osm-xianlin-2026-08-22",
        "sourceUpdatedAt": null,
        "osmType": "way",
        "osmId": 225092397,
        "priority": 35
      },
      "geometry": {
        "type": "Polygon",
        "coordinates": [
          [
            [
              118.9288253,
              32.1146128
            ],
            [
              118.9288225,
              32.1145653
            ],
            [
              118.9288253,
              32.1145503
            ],
            [
              118.9288402,
              32.1145416
            ],
            [
              118.9293812,
              32.1145345
            ],
            [
              118.9294168,
              32.1145489
            ],
            [
              118.9294356,
              32.1145791
            ],
            [
              118.9294976,
              32.1147939
            ],
            [
              118.9295859,
              32.1150723
            ],
            [
              118.9295811,
              32.115097
            ],
            [
              118.9295569,
              32.1151095
            ],
            [
              118.9293879,
              32.1151106
            ],
            [
              118.9293879,
              32.1150489
            ],
            [
              118.9294234,
              32.115049
            ],
            [
              118.929424,
              32.1149468
            ],
            [
              118.9293249,
              32.1149448
            ],
            [
              118.9293251,
              32.1149142
            ],
            [
              118.9293262,
              32.1147642
            ],
            [
              118.9293276,
              32.1146404
            ],
            [
              118.9292176,
              32.1146415
            ],
            [
              118.9292177,
              32.1146101
            ],
            [
              118.9288253,
              32.1146128
            ]
          ]
        ]
      }
    },
    {
      "type": "Feature",
      "id": "osm:way:223859834",
      "properties": {
        "featureType": "SPORT",
        "campusCode": "NJUPT_XIANLIN",
        "externalId": "osm:way:223859834",
        "name": "排球场和轮滑场",
        "dataSource": "OPENSTREETMAP",
        "verificationStatus": "SOURCE_VERIFIED",
        "sourceId": "osm-xianlin-2026-08-22",
        "sourceUpdatedAt": null,
        "osmType": "way",
        "osmId": 223859834,
        "priority": 35
      },
      "geometry": {
        "type": "Polygon",
        "coordinates": [
          [
            [
              118.9269033,
              32.1220135
            ],
            [
              118.9260041,
              32.1215891
            ],
            [
              118.9261632,
              32.121357
            ],
            [
              118.9270179,
              32.1217605
            ],
            [
              118.9270418,
              32.1217718
            ],
            [
              118.9270643,
              32.1217824
            ],
            [
              118.9269033,
              32.1220135
            ]
          ]
        ]
      }
    },
    {
      "type": "Feature",
      "id": "osm:way:223859854",
      "properties": {
        "featureType": "SPORT",
        "campusCode": "NJUPT_XIANLIN",
        "externalId": "osm:way:223859854",
        "name": "北区运动场",
        "dataSource": "OPENSTREETMAP",
        "verificationStatus": "SOURCE_VERIFIED",
        "sourceId": "osm-xianlin-2026-08-22",
        "sourceUpdatedAt": null,
        "osmType": "way",
        "osmId": 223859854,
        "priority": 35
      },
      "geometry": {
        "type": "Polygon",
        "coordinates": [
          [
            [
              118.9244744,
              32.1216345
            ],
            [
              118.9244183,
              32.1216927
            ],
            [
              118.9243608,
              32.1217321
            ],
            [
              118.924275,
              32.1217665
            ],
            [
              118.9241915,
              32.1217858
            ],
            [
              118.9241208,
              32.1217911
            ],
            [
              118.9240565,
              32.1217921
            ],
            [
              118.9239484,
              32.1217757
            ],
            [
              118.9238521,
              32.1217427
            ],
            [
              118.9237652,
              32.1217004
            ],
            [
              118.9236949,
              32.1216466
            ],
            [
              118.9236291,
              32.1215867
            ],
            [
              118.9235869,
              32.1215182
            ],
            [
              118.923579,
              32.1214968
            ],
            [
              118.9235565,
              32.1214361
            ],
            [
              118.9235484,
              32.1213681
            ],
            [
              118.9235456,
              32.1213009
            ],
            [
              118.923575,
              32.1212099
            ],
            [
              118.9241259,
              32.120404
            ],
            [
              118.9241961,
              32.1203382
            ],
            [
              118.9242803,
              32.1202936
            ],
            [
              118.9243688,
              32.1202619
            ],
            [
              118.9244691,
              32.1202437
            ],
            [
              118.9245689,
              32.1202453
            ],
            [
              118.9246778,
              32.1202576
            ],
            [
              118.9247776,
              32.1202898
            ],
            [
              118.9248834,
              32.1203453
            ],
            [
              118.9249457,
              32.1204086
            ],
            [
              118.9249981,
              32.1204772
            ],
            [
              118.925028,
              32.1205427
            ],
            [
              118.9250516,
              32.1206155
            ],
            [
              118.9250579,
              32.1206809
            ],
            [
              118.9250516,
              32.1207601
            ],
            [
              118.9250305,
              32.1208265
            ],
            [
              118.9244744,
              32.1216345
            ]
          ]
        ]
      }
    },
    {
      "type": "Feature",
      "id": "osm:way:223944208",
      "properties": {
        "featureType": "SPORT",
        "campusCode": "NJUPT_XIANLIN",
        "externalId": "osm:way:223944208",
        "name": "体育馆",
        "dataSource": "OPENSTREETMAP",
        "verificationStatus": "SOURCE_VERIFIED",
        "sourceId": "osm-xianlin-2026-08-22",
        "sourceUpdatedAt": null,
        "osmType": "way",
        "osmId": 223944208,
        "priority": 35
      },
      "geometry": {
        "type": "Polygon",
        "coordinates": [
          [
            [
              118.9253318,
              32.1202801
            ],
            [
              118.9258171,
              32.1205165
            ],
            [
              118.9258645,
              32.120447
            ],
            [
              118.92535,
              32.1201982
            ],
            [
              118.9254152,
              32.1200985
            ],
            [
              118.9254358,
              32.1200671
            ],
            [
              118.925569,
              32.1198636
            ],
            [
              118.9256747,
              32.1199154
            ],
            [
              118.9257101,
              32.1199327
            ],
            [
              118.9261022,
              32.1201248
            ],
            [
              118.9261437,
              32.1201452
            ],
            [
              118.9261984,
              32.120172
            ],
            [
              118.9259804,
              32.1204935
            ],
            [
              118.925921,
              32.1205811
            ],
            [
              118.925859,
              32.1206726
            ],
            [
              118.9253336,
              32.1204161
            ],
            [
              118.9253318,
              32.1202801
            ]
          ]
        ]
      }
    },
    {
      "type": "Feature",
      "id": "osm:way:224941413",
      "properties": {
        "featureType": "GREEN",
        "campusCode": "NJUPT_XIANLIN",
        "externalId": "osm:way:224941413",
        "name": "未命名绿地",
        "dataSource": "OPENSTREETMAP",
        "verificationStatus": "SOURCE_VERIFIED",
        "sourceId": "osm-xianlin-2026-08-22",
        "sourceUpdatedAt": null,
        "osmType": "way",
        "osmId": 224941413,
        "priority": 35
      },
      "geometry": {
        "type": "Polygon",
        "coordinates": [
          [
            [
              118.9266258,
              32.1200755
            ],
            [
              118.9266116,
              32.1200307
            ],
            [
              118.9265728,
              32.1199978
            ],
            [
              118.9265199,
              32.1199858
            ],
            [
              118.9264669,
              32.1199978
            ],
            [
              118.9264281,
              32.1200307
            ],
            [
              118.926414,
              32.1200755
            ],
            [
              118.9264281,
              32.1201204
            ],
            [
              118.9264669,
              32.1201532
            ],
            [
              118.9265199,
              32.1201652
            ],
            [
              118.9265728,
              32.1201532
            ],
            [
              118.9266116,
              32.1201204
            ],
            [
              118.9266258,
              32.1200755
            ]
          ]
        ]
      }
    },
    {
      "type": "Feature",
      "id": "osm:way:224941417",
      "properties": {
        "featureType": "GREEN",
        "campusCode": "NJUPT_XIANLIN",
        "externalId": "osm:way:224941417",
        "name": "未命名绿地",
        "dataSource": "OPENSTREETMAP",
        "verificationStatus": "SOURCE_VERIFIED",
        "sourceId": "osm-xianlin-2026-08-22",
        "sourceUpdatedAt": null,
        "osmType": "way",
        "osmId": 224941417,
        "priority": 35
      },
      "geometry": {
        "type": "Polygon",
        "coordinates": [
          [
            [
              118.924176,
              32.1188882
            ],
            [
              118.9241624,
              32.1188451
            ],
            [
              118.9241251,
              32.1188135
            ],
            [
              118.9240742,
              32.118802
            ],
            [
              118.9240233,
              32.1188135
            ],
            [
              118.9239861,
              32.1188451
            ],
            [
              118.9239725,
              32.1188882
            ],
            [
              118.9239861,
              32.1189313
            ],
            [
              118.9240233,
              32.1189628
            ],
            [
              118.9240742,
              32.1189744
            ],
            [
              118.9241251,
              32.1189628
            ],
            [
              118.9241624,
              32.1189313
            ],
            [
              118.924176,
              32.1188882
            ]
          ]
        ]
      }
    },
    {
      "type": "Feature",
      "id": "osm:way:225104362",
      "properties": {
        "featureType": "SPORT",
        "campusCode": "NJUPT_XIANLIN",
        "externalId": "osm:way:225104362",
        "name": "北区足球场",
        "dataSource": "OPENSTREETMAP",
        "verificationStatus": "SOURCE_VERIFIED",
        "sourceId": "osm-xianlin-2026-08-22",
        "sourceUpdatedAt": null,
        "osmType": "way",
        "osmId": 225104362,
        "priority": 35
      },
      "geometry": {
        "type": "Polygon",
        "coordinates": [
          [
            [
              118.9237066,
              32.1212878
            ],
            [
              118.9242816,
              32.1204337
            ],
            [
              118.9249134,
              32.1207388
            ],
            [
              118.9243384,
              32.1215929
            ],
            [
              118.9237066,
              32.1212878
            ]
          ]
        ]
      }
    },
    {
      "type": "Feature",
      "id": "osm:way:225106064",
      "properties": {
        "featureType": "GREEN",
        "campusCode": "NJUPT_XIANLIN",
        "externalId": "osm:way:225106064",
        "name": "未命名绿地",
        "dataSource": "OPENSTREETMAP",
        "verificationStatus": "SOURCE_VERIFIED",
        "sourceId": "osm-xianlin-2026-08-22",
        "sourceUpdatedAt": null,
        "osmType": "way",
        "osmId": 225106064,
        "priority": 35
      },
      "geometry": {
        "type": "Polygon",
        "coordinates": [
          [
            [
              118.9254358,
              32.1200671
            ],
            [
              118.9251742,
              32.1199421
            ],
            [
              118.9251659,
              32.1199334
            ],
            [
              118.9251683,
              32.119923
            ],
            [
              118.9253597,
              32.1196278
            ],
            [
              118.9253722,
              32.1196159
            ],
            [
              118.9253902,
              32.1196176
            ],
            [
              118.9257434,
              32.1197874
            ],
            [
              118.9257509,
              32.1197959
            ],
            [
              118.92575,
              32.1198059
            ],
            [
              118.9256747,
              32.1199154
            ],
            [
              118.925569,
              32.1198636
            ],
            [
              118.9254358,
              32.1200671
            ]
          ]
        ]
      }
    },
    {
      "type": "Feature",
      "id": "osm:way:225106065",
      "properties": {
        "featureType": "GREEN",
        "campusCode": "NJUPT_XIANLIN",
        "externalId": "osm:way:225106065",
        "name": "未命名绿地",
        "dataSource": "OPENSTREETMAP",
        "verificationStatus": "SOURCE_VERIFIED",
        "sourceId": "osm-xianlin-2026-08-22",
        "sourceUpdatedAt": null,
        "osmType": "way",
        "osmId": 225106065,
        "priority": 35
      },
      "geometry": {
        "type": "Polygon",
        "coordinates": [
          [
            [
              118.9252237,
              32.1206157
            ],
            [
              118.9251692,
              32.120484
            ],
            [
              118.9250939,
              32.1203872
            ],
            [
              118.9250039,
              32.1202843
            ],
            [
              118.9249566,
              32.1202464
            ],
            [
              118.9249527,
              32.1202403
            ],
            [
              118.9249544,
              32.1202337
            ],
            [
              118.9251315,
              32.1199732
            ],
            [
              118.9251397,
              32.1199674
            ],
            [
              118.9251532,
              32.1199687
            ],
            [
              118.9254152,
              32.1200985
            ],
            [
              118.92535,
              32.1201982
            ],
            [
              118.9258645,
              32.120447
            ],
            [
              118.9258171,
              32.1205165
            ],
            [
              118.9253318,
              32.1202801
            ],
            [
              118.9253336,
              32.1204161
            ],
            [
              118.925859,
              32.1206726
            ],
            [
              118.925921,
              32.1205811
            ],
            [
              118.9260564,
              32.1206445
            ],
            [
              118.926063,
              32.1206564
            ],
            [
              118.9260613,
              32.1206705
            ],
            [
              118.9259454,
              32.1208476
            ],
            [
              118.9258678,
              32.1210283
            ],
            [
              118.9256378,
              32.1213826
            ],
            [
              118.9256249,
              32.1213866
            ],
            [
              118.9256115,
              32.1213846
            ],
            [
              118.9252679,
              32.1212211
            ],
            [
              118.9252593,
              32.1212112
            ],
            [
              118.9252608,
              32.1211957
            ],
            [
              118.9252897,
              32.1210726
            ],
            [
              118.9253004,
              32.1209159
            ],
            [
              118.9252713,
              32.1207748
            ],
            [
              118.9252237,
              32.1206157
            ]
          ]
        ]
      }
    },
    {
      "type": "Feature",
      "id": "osm:way:225106066",
      "properties": {
        "featureType": "GREEN",
        "campusCode": "NJUPT_XIANLIN",
        "externalId": "osm:way:225106066",
        "name": "未命名绿地",
        "dataSource": "OPENSTREETMAP",
        "verificationStatus": "SOURCE_VERIFIED",
        "sourceId": "osm-xianlin-2026-08-22",
        "sourceUpdatedAt": null,
        "osmType": "way",
        "osmId": 225106066,
        "priority": 35
      },
      "geometry": {
        "type": "Polygon",
        "coordinates": [
          [
            [
              118.9251042,
              32.1208618
            ],
            [
              118.9250305,
              32.1208265
            ],
            [
              118.9250516,
              32.1207601
            ],
            [
              118.9250579,
              32.1206809
            ],
            [
              118.9250516,
              32.1206155
            ],
            [
              118.925028,
              32.1205427
            ],
            [
              118.9249981,
              32.1204772
            ],
            [
              118.9249457,
              32.1204086
            ],
            [
              118.9248834,
              32.1203453
            ],
            [
              118.9249696,
              32.120416
            ],
            [
              118.9250298,
              32.1204864
            ],
            [
              118.9250829,
              32.1205609
            ],
            [
              118.9251238,
              32.1206477
            ],
            [
              118.9251516,
              32.12071
            ],
            [
              118.9251769,
              32.1208049
            ],
            [
              118.9251853,
              32.1208519
            ],
            [
              118.9251943,
              32.1209043
            ],
            [
              118.9251042,
              32.1208618
            ]
          ]
        ]
      }
    },
    {
      "type": "Feature",
      "id": "osm:way:225106950",
      "properties": {
        "featureType": "GREEN",
        "campusCode": "NJUPT_XIANLIN",
        "externalId": "osm:way:225106950",
        "name": "未命名绿地",
        "dataSource": "OPENSTREETMAP",
        "verificationStatus": "SOURCE_VERIFIED",
        "sourceId": "osm-xianlin-2026-08-22",
        "sourceUpdatedAt": null,
        "osmType": "way",
        "osmId": 225106950,
        "priority": 35
      },
      "geometry": {
        "type": "Polygon",
        "coordinates": [
          [
            [
              118.9251548,
              32.1222073
            ],
            [
              118.9251451,
              32.1221838
            ],
            [
              118.9253149,
              32.1219288
            ],
            [
              118.9253426,
              32.1219222
            ],
            [
              118.9253625,
              32.1219305
            ],
            [
              118.925368,
              32.121954
            ],
            [
              118.9252005,
              32.1222096
            ],
            [
              118.92517,
              32.1222155
            ],
            [
              118.9251548,
              32.1222073
            ]
          ]
        ]
      }
    },
    {
      "type": "Feature",
      "id": "osm:way:225107324",
      "properties": {
        "featureType": "GREEN",
        "campusCode": "NJUPT_XIANLIN",
        "externalId": "osm:way:225107324",
        "name": "未命名绿地",
        "dataSource": "OPENSTREETMAP",
        "verificationStatus": "SOURCE_VERIFIED",
        "sourceId": "osm-xianlin-2026-08-22",
        "sourceUpdatedAt": null,
        "osmType": "way",
        "osmId": 225107324,
        "priority": 35
      },
      "geometry": {
        "type": "Polygon",
        "coordinates": [
          [
            [
              118.9257312,
              32.1214566
            ],
            [
              118.9256779,
              32.1214313
            ],
            [
              118.9256708,
              32.1214178
            ],
            [
              118.9256735,
              32.1214016
            ],
            [
              118.925837,
              32.1211562
            ],
            [
              118.9258578,
              32.1211447
            ],
            [
              118.9258873,
              32.1211385
            ],
            [
              118.9259156,
              32.1211395
            ],
            [
              118.9270735,
              32.1216982
            ],
            [
              118.9270779,
              32.1217031
            ],
            [
              118.9270769,
              32.121709
            ],
            [
              118.9270179,
              32.1217605
            ],
            [
              118.9261632,
              32.121357
            ],
            [
              118.9260041,
              32.1215891
            ],
            [
              118.9257312,
              32.1214566
            ]
          ]
        ]
      }
    },
    {
      "type": "Feature",
      "id": "osm:way:225107427",
      "properties": {
        "featureType": "GREEN",
        "campusCode": "NJUPT_XIANLIN",
        "externalId": "osm:way:225107427",
        "name": "未命名绿地",
        "dataSource": "OPENSTREETMAP",
        "verificationStatus": "SOURCE_VERIFIED",
        "sourceId": "osm-xianlin-2026-08-22",
        "sourceUpdatedAt": null,
        "osmType": "way",
        "osmId": 225107427,
        "priority": 35
      },
      "geometry": {
        "type": "Polygon",
        "coordinates": [
          [
            [
              118.9259365,
              32.1211127
            ],
            [
              118.9259255,
              32.1210966
            ],
            [
              118.9259276,
              32.1210769
            ],
            [
              118.926065,
              32.120887
            ],
            [
              118.9260839,
              32.1208729
            ],
            [
              118.92611,
              32.120876
            ],
            [
              118.9274266,
              32.1215124
            ],
            [
              118.9274365,
              32.1215222
            ],
            [
              118.9274365,
              32.1215413
            ],
            [
              118.9272973,
              32.1217482
            ],
            [
              118.9272797,
              32.1217548
            ],
            [
              118.9272617,
              32.1217506
            ],
            [
              118.9259365,
              32.1211127
            ]
          ]
        ]
      }
    },
    {
      "type": "Feature",
      "id": "osm:way:225109397",
      "properties": {
        "featureType": "GREEN",
        "campusCode": "NJUPT_XIANLIN",
        "externalId": "osm:way:225109397",
        "name": "未命名绿地",
        "dataSource": "OPENSTREETMAP",
        "verificationStatus": "SOURCE_VERIFIED",
        "sourceId": "osm-xianlin-2026-08-22",
        "sourceUpdatedAt": null,
        "osmType": "way",
        "osmId": 225109397,
        "priority": 35
      },
      "geometry": {
        "type": "Polygon",
        "coordinates": [
          [
            [
              118.9257101,
              32.1199327
            ],
            [
              118.9257816,
              32.1198207
            ],
            [
              118.9257896,
              32.1198153
            ],
            [
              118.9258002,
              32.1198157
            ],
            [
              118.9261716,
              32.1199989
            ],
            [
              118.9261795,
              32.1200076
            ],
            [
              118.9261769,
              32.1200176
            ],
            [
              118.9261022,
              32.1201248
            ],
            [
              118.9257101,
              32.1199327
            ]
          ]
        ]
      }
    },
    {
      "type": "Feature",
      "id": "osm:way:225109420",
      "properties": {
        "featureType": "GREEN",
        "campusCode": "NJUPT_XIANLIN",
        "externalId": "osm:way:225109420",
        "name": "未命名绿地",
        "dataSource": "OPENSTREETMAP",
        "verificationStatus": "SOURCE_VERIFIED",
        "sourceId": "osm-xianlin-2026-08-22",
        "sourceUpdatedAt": null,
        "osmType": "way",
        "osmId": 225109420,
        "priority": 35
      },
      "geometry": {
        "type": "Polygon",
        "coordinates": [
          [
            [
              118.9259804,
              32.1204935
            ],
            [
              118.9260812,
              32.1205466
            ],
            [
              118.9261052,
              32.1205549
            ],
            [
              118.9261329,
              32.1205533
            ],
            [
              118.9263308,
              32.120256
            ],
            [
              118.9263322,
              32.1202447
            ],
            [
              118.9263268,
              32.1202328
            ],
            [
              118.9263011,
              32.1202074
            ],
            [
              118.9262766,
              32.1201736
            ],
            [
              118.9262624,
              32.1201309
            ],
            [
              118.9262547,
              32.1200818
            ],
            [
              118.9262598,
              32.1200512
            ],
            [
              118.9262533,
              32.1200377
            ],
            [
              118.926234,
              32.1200248
            ],
            [
              118.926226,
              32.1200248
            ],
            [
              118.9262188,
              32.1200275
            ],
            [
              118.9261437,
              32.1201452
            ],
            [
              118.9261984,
              32.120172
            ],
            [
              118.9259804,
              32.1204935
            ]
          ]
        ]
      }
    },
    {
      "type": "Feature",
      "id": "osm:way:225111267",
      "properties": {
        "featureType": "GREEN",
        "campusCode": "NJUPT_XIANLIN",
        "externalId": "osm:way:225111267",
        "name": "未命名绿地",
        "dataSource": "OPENSTREETMAP",
        "verificationStatus": "SOURCE_VERIFIED",
        "sourceId": "osm-xianlin-2026-08-22",
        "sourceUpdatedAt": null,
        "osmType": "way",
        "osmId": 225111267,
        "priority": 35
      },
      "geometry": {
        "type": "Polygon",
        "coordinates": [
          [
            [
              118.9259615,
              32.1197008
            ],
            [
              118.9263418,
              32.11989
            ],
            [
              118.9263803,
              32.1198649
            ],
            [
              118.9264306,
              32.1198486
            ],
            [
              118.9263995,
              32.1197747
            ],
            [
              118.9260355,
              32.1195967
            ],
            [
              118.9259615,
              32.1197008
            ]
          ]
        ]
      }
    },
    {
      "type": "Feature",
      "id": "osm:way:225111268",
      "properties": {
        "featureType": "GREEN",
        "campusCode": "NJUPT_XIANLIN",
        "externalId": "osm:way:225111268",
        "name": "未命名绿地",
        "dataSource": "OPENSTREETMAP",
        "verificationStatus": "SOURCE_VERIFIED",
        "sourceId": "osm-xianlin-2026-08-22",
        "sourceUpdatedAt": null,
        "osmType": "way",
        "osmId": 225111268,
        "priority": 35
      },
      "geometry": {
        "type": "Polygon",
        "coordinates": [
          [
            [
              118.9264706,
              32.1198374
            ],
            [
              118.926515,
              32.1198323
            ],
            [
              118.9265608,
              32.1198323
            ],
            [
              118.9269249,
              32.1193009
            ],
            [
              118.9268006,
              32.1192408
            ],
            [
              118.926438,
              32.1197597
            ],
            [
              118.9264706,
              32.1198374
            ]
          ]
        ]
      }
    },
    {
      "type": "Feature",
      "id": "osm:way:225111645",
      "properties": {
        "featureType": "GREEN",
        "campusCode": "NJUPT_XIANLIN",
        "externalId": "osm:way:225111645",
        "name": "未命名绿地",
        "dataSource": "OPENSTREETMAP",
        "verificationStatus": "SOURCE_VERIFIED",
        "sourceId": "osm-xianlin-2026-08-22",
        "sourceUpdatedAt": null,
        "osmType": "way",
        "osmId": 225111645,
        "priority": 35
      },
      "geometry": {
        "type": "Polygon",
        "coordinates": [
          [
            [
              118.9261294,
              32.1189736
            ],
            [
              118.926244,
              32.118807
            ],
            [
              118.9266027,
              32.1189851
            ],
            [
              118.9264867,
              32.1191538
            ],
            [
              118.9261294,
              32.1189736
            ]
          ]
        ]
      }
    },
    {
      "type": "Feature",
      "id": "osm:way:225111916",
      "properties": {
        "featureType": "GREEN",
        "campusCode": "NJUPT_XIANLIN",
        "externalId": "osm:way:225111916",
        "name": "未命名绿地",
        "dataSource": "OPENSTREETMAP",
        "verificationStatus": "SOURCE_VERIFIED",
        "sourceId": "osm-xianlin-2026-08-22",
        "sourceUpdatedAt": null,
        "osmType": "way",
        "osmId": 225111916,
        "priority": 35
      },
      "geometry": {
        "type": "Polygon",
        "coordinates": [
          [
            [
              118.9268605,
              32.1190047
            ],
            [
              118.9269353,
              32.118895
            ],
            [
              118.9269376,
              32.1188834
            ],
            [
              118.9269308,
              32.1188737
            ],
            [
              118.9268216,
              32.11882
            ],
            [
              118.9267364,
              32.1189431
            ],
            [
              118.9268605,
              32.1190047
            ]
          ]
        ]
      }
    },
    {
      "type": "Feature",
      "id": "osm:way:225111917",
      "properties": {
        "featureType": "GREEN",
        "campusCode": "NJUPT_XIANLIN",
        "externalId": "osm:way:225111917",
        "name": "未命名绿地",
        "dataSource": "OPENSTREETMAP",
        "verificationStatus": "SOURCE_VERIFIED",
        "sourceId": "osm-xianlin-2026-08-22",
        "sourceUpdatedAt": null,
        "osmType": "way",
        "osmId": 225111917,
        "priority": 35
      },
      "geometry": {
        "type": "Polygon",
        "coordinates": [
          [
            [
              118.9258702,
              32.1191892
            ],
            [
              118.9258168,
              32.1191603
            ],
            [
              118.9259523,
              32.1189639
            ],
            [
              118.9259826,
              32.1189806
            ],
            [
              118.9259415,
              32.1190391
            ],
            [
              118.9259668,
              32.1190518
            ],
            [
              118.9258702,
              32.1191892
            ]
          ]
        ]
      }
    },
    {
      "type": "Feature",
      "id": "osm:way:225111918",
      "properties": {
        "featureType": "GREEN",
        "campusCode": "NJUPT_XIANLIN",
        "externalId": "osm:way:225111918",
        "name": "未命名绿地",
        "dataSource": "OPENSTREETMAP",
        "verificationStatus": "SOURCE_VERIFIED",
        "sourceId": "osm-xianlin-2026-08-22",
        "sourceUpdatedAt": null,
        "osmType": "way",
        "osmId": 225111918,
        "priority": 35
      },
      "geometry": {
        "type": "Polygon",
        "coordinates": [
          [
            [
              118.92586,
              32.1192038
            ],
            [
              118.9258064,
              32.119175
            ],
            [
              118.9256966,
              32.1193359
            ],
            [
              118.9256966,
              32.1193459
            ],
            [
              118.925796,
              32.1193953
            ],
            [
              118.9258411,
              32.1193316
            ],
            [
              118.9257887,
              32.1193052
            ],
            [
              118.92586,
              32.1192038
            ]
          ]
        ]
      }
    },
    {
      "type": "Feature",
      "id": "osm:way:225111920",
      "properties": {
        "featureType": "GREEN",
        "campusCode": "NJUPT_XIANLIN",
        "externalId": "osm:way:225111920",
        "name": "未命名绿地",
        "dataSource": "OPENSTREETMAP",
        "verificationStatus": "SOURCE_VERIFIED",
        "sourceId": "osm-xianlin-2026-08-22",
        "sourceUpdatedAt": null,
        "osmType": "way",
        "osmId": 225111920,
        "priority": 35
      },
      "geometry": {
        "type": "Polygon",
        "coordinates": [
          [
            [
              118.926619,
              32.1193761
            ],
            [
              118.9264224,
              32.1196678
            ],
            [
              118.9264095,
              32.1196787
            ],
            [
              118.9263901,
              32.1196814
            ],
            [
              118.9262238,
              32.1196021
            ],
            [
              118.9262173,
              32.1195898
            ],
            [
              118.9262125,
              32.1195775
            ],
            [
              118.9264184,
              32.1192745
            ],
            [
              118.926619,
              32.1193761
            ]
          ]
        ]
      }
    },
    {
      "type": "Feature",
      "id": "osm:way:225111921",
      "properties": {
        "featureType": "GREEN",
        "campusCode": "NJUPT_XIANLIN",
        "externalId": "osm:way:225111921",
        "name": "未命名绿地",
        "dataSource": "OPENSTREETMAP",
        "verificationStatus": "SOURCE_VERIFIED",
        "sourceId": "osm-xianlin-2026-08-22",
        "sourceUpdatedAt": null,
        "osmType": "way",
        "osmId": 225111921,
        "priority": 35
      },
      "geometry": {
        "type": "Polygon",
        "coordinates": [
          [
            [
              118.9259116,
              32.1193672
            ],
            [
              118.9258622,
              32.1194406
            ],
            [
              118.9259221,
              32.1194695
            ],
            [
              118.9259715,
              32.119396
            ],
            [
              118.9259116,
              32.1193672
            ]
          ]
        ]
      }
    },
    {
      "type": "Feature",
      "id": "osm:way:225111922",
      "properties": {
        "featureType": "GREEN",
        "campusCode": "NJUPT_XIANLIN",
        "externalId": "osm:way:225111922",
        "name": "未命名绿地",
        "dataSource": "OPENSTREETMAP",
        "verificationStatus": "SOURCE_VERIFIED",
        "sourceId": "osm-xianlin-2026-08-22",
        "sourceUpdatedAt": null,
        "osmType": "way",
        "osmId": 225111922,
        "priority": 35
      },
      "geometry": {
        "type": "Polygon",
        "coordinates": [
          [
            [
              118.9261273,
              32.1194756
            ],
            [
              118.9260769,
              32.1195464
            ],
            [
              118.9261336,
              32.1195743
            ],
            [
              118.9261836,
              32.1195043
            ],
            [
              118.9261273,
              32.1194756
            ]
          ]
        ]
      }
    },
    {
      "type": "Feature",
      "id": "osm:way:225112714",
      "properties": {
        "featureType": "GREEN",
        "campusCode": "NJUPT_XIANLIN",
        "externalId": "osm:way:225112714",
        "name": "未命名绿地",
        "dataSource": "OPENSTREETMAP",
        "verificationStatus": "SOURCE_VERIFIED",
        "sourceId": "osm-xianlin-2026-08-22",
        "sourceUpdatedAt": null,
        "osmType": "way",
        "osmId": 225112714,
        "priority": 35
      },
      "geometry": {
        "type": "Polygon",
        "coordinates": [
          [
            [
              118.9269506,
              32.1192584
            ],
            [
              118.9268424,
              32.119205
            ],
            [
              118.9268295,
              32.1191911
            ],
            [
              118.926833,
              32.1191709
            ],
            [
              118.9269934,
              32.118927
            ],
            [
              118.9270098,
              32.1189179
            ],
            [
              118.9270315,
              32.118919
            ],
            [
              118.9271441,
              32.1189724
            ],
            [
              118.9269506,
              32.1192584
            ]
          ]
        ]
      }
    },
    {
      "type": "Feature",
      "id": "osm:way:225112715",
      "properties": {
        "featureType": "GREEN",
        "campusCode": "NJUPT_XIANLIN",
        "externalId": "osm:way:225112715",
        "name": "未命名绿地",
        "dataSource": "OPENSTREETMAP",
        "verificationStatus": "SOURCE_VERIFIED",
        "sourceId": "osm-xianlin-2026-08-22",
        "sourceUpdatedAt": null,
        "osmType": "way",
        "osmId": 225112715,
        "priority": 35
      },
      "geometry": {
        "type": "Polygon",
        "coordinates": [
          [
            [
              118.9271668,
              32.1189223
            ],
            [
              118.9271027,
              32.1188882
            ],
            [
              118.927094,
              32.1188726
            ],
            [
              118.927094,
              32.1188532
            ],
            [
              118.9273224,
              32.1185105
            ],
            [
              118.9273387,
              32.1185004
            ],
            [
              118.9273605,
              32.1184985
            ],
            [
              118.9274279,
              32.1185289
            ],
            [
              118.9271668,
              32.1189223
            ]
          ]
        ]
      }
    },
    {
      "type": "Feature",
      "id": "osm:way:225112717",
      "properties": {
        "featureType": "GREEN",
        "campusCode": "NJUPT_XIANLIN",
        "externalId": "osm:way:225112717",
        "name": "未命名绿地",
        "dataSource": "OPENSTREETMAP",
        "verificationStatus": "SOURCE_VERIFIED",
        "sourceId": "osm-xianlin-2026-08-22",
        "sourceUpdatedAt": null,
        "osmType": "way",
        "osmId": 225112717,
        "priority": 35
      },
      "geometry": {
        "type": "Polygon",
        "coordinates": [
          [
            [
              118.9264077,
              32.1183441
            ],
            [
              118.9263817,
              32.1183317
            ],
            [
              118.9262646,
              32.1185022
            ],
            [
              118.9262661,
              32.1185251
            ],
            [
              118.9262826,
              32.1185442
            ],
            [
              118.9263126,
              32.1185519
            ],
            [
              118.9263517,
              32.118548
            ],
            [
              118.9263772,
              32.1185366
            ],
            [
              118.9264769,
              32.118395
            ],
            [
              118.9263991,
              32.1183568
            ],
            [
              118.9264077,
              32.1183441
            ]
          ]
        ]
      }
    },
    {
      "type": "Feature",
      "id": "osm:way:225112718",
      "properties": {
        "featureType": "GREEN",
        "campusCode": "NJUPT_XIANLIN",
        "externalId": "osm:way:225112718",
        "name": "未命名绿地",
        "dataSource": "OPENSTREETMAP",
        "verificationStatus": "SOURCE_VERIFIED",
        "sourceId": "osm-xianlin-2026-08-22",
        "sourceUpdatedAt": null,
        "osmType": "way",
        "osmId": 225112718,
        "priority": 35
      },
      "geometry": {
        "type": "Polygon",
        "coordinates": [
          [
            [
              118.9265402,
              32.1181494
            ],
            [
              118.9265122,
              32.1181352
            ],
            [
              118.9265282,
              32.1181179
            ],
            [
              118.926546,
              32.1181126
            ],
            [
              118.9265638,
              32.1181126
            ],
            [
              118.9267853,
              32.1182181
            ],
            [
              118.9267606,
              32.1182555
            ],
            [
              118.9265402,
              32.1181494
            ]
          ]
        ]
      }
    },
    {
      "type": "Feature",
      "id": "osm:way:225112719",
      "properties": {
        "featureType": "GREEN",
        "campusCode": "NJUPT_XIANLIN",
        "externalId": "osm:way:225112719",
        "name": "未命名绿地",
        "dataSource": "OPENSTREETMAP",
        "verificationStatus": "SOURCE_VERIFIED",
        "sourceId": "osm-xianlin-2026-08-22",
        "sourceUpdatedAt": null,
        "osmType": "way",
        "osmId": 225112719,
        "priority": 35
      },
      "geometry": {
        "type": "Polygon",
        "coordinates": [
          [
            [
              118.9268645,
              32.1183055
            ],
            [
              118.9268878,
              32.1182707
            ],
            [
              118.9271678,
              32.1184097
            ],
            [
              118.9271768,
              32.118425
            ],
            [
              118.9271768,
              32.1184412
            ],
            [
              118.9271689,
              32.118452
            ],
            [
              118.9268645,
              32.1183055
            ]
          ]
        ]
      }
    },
    {
      "type": "Feature",
      "id": "osm:way:225112720",
      "properties": {
        "featureType": "GREEN",
        "campusCode": "NJUPT_XIANLIN",
        "externalId": "osm:way:225112720",
        "name": "未命名绿地",
        "dataSource": "OPENSTREETMAP",
        "verificationStatus": "SOURCE_VERIFIED",
        "sourceId": "osm-xianlin-2026-08-22",
        "sourceUpdatedAt": null,
        "osmType": "way",
        "osmId": 225112720,
        "priority": 35
      },
      "geometry": {
        "type": "Polygon",
        "coordinates": [
          [
            [
              118.9265029,
              32.1184077
            ],
            [
              118.9264143,
              32.1185336
            ],
            [
              118.9264132,
              32.1185517
            ],
            [
              118.9264301,
              32.1185688
            ],
            [
              118.9264559,
              32.1185745
            ],
            [
              118.9264863,
              32.1185745
            ],
            [
              118.926502,
              32.1185641
            ],
            [
              118.9265861,
              32.1184485
            ],
            [
              118.9265029,
              32.1184077
            ]
          ]
        ]
      }
    },
    {
      "type": "Feature",
      "id": "osm:way:225112721",
      "properties": {
        "featureType": "GREEN",
        "campusCode": "NJUPT_XIANLIN",
        "externalId": "osm:way:225112721",
        "name": "未命名绿地",
        "dataSource": "OPENSTREETMAP",
        "verificationStatus": "SOURCE_VERIFIED",
        "sourceId": "osm-xianlin-2026-08-22",
        "sourceUpdatedAt": null,
        "osmType": "way",
        "osmId": 225112721,
        "priority": 35
      },
      "geometry": {
        "type": "Polygon",
        "coordinates": [
          [
            [
              118.9266224,
              32.1185231
            ],
            [
              118.926601,
              32.1185193
            ],
            [
              118.9265853,
              32.1185269
            ],
            [
              118.9265425,
              32.118586
            ],
            [
              118.9265425,
              32.1186136
            ],
            [
              118.9265605,
              32.1186345
            ],
            [
              118.9266764,
              32.1186888
            ],
            [
              118.9267022,
              32.1186945
            ],
            [
              118.9267213,
              32.1186888
            ],
            [
              118.9267697,
              32.1186202
            ],
            [
              118.9267686,
              32.1186031
            ],
            [
              118.9267585,
              32.1185907
            ],
            [
              118.9266224,
              32.1185231
            ]
          ]
        ]
      }
    },
    {
      "type": "Feature",
      "id": "osm:way:225112722",
      "properties": {
        "featureType": "GREEN",
        "campusCode": "NJUPT_XIANLIN",
        "externalId": "osm:way:225112722",
        "name": "未命名绿地",
        "dataSource": "OPENSTREETMAP",
        "verificationStatus": "SOURCE_VERIFIED",
        "sourceId": "osm-xianlin-2026-08-22",
        "sourceUpdatedAt": null,
        "osmType": "way",
        "osmId": 225112722,
        "priority": 35
      },
      "geometry": {
        "type": "Polygon",
        "coordinates": [
          [
            [
              118.9267551,
              32.1186993
            ],
            [
              118.9268012,
              32.1186364
            ],
            [
              118.9268147,
              32.1186298
            ],
            [
              118.9268327,
              32.1186298
            ],
            [
              118.9270374,
              32.1187288
            ],
            [
              118.9270452,
              32.1187431
            ],
            [
              118.9270452,
              32.1187631
            ],
            [
              118.9270092,
              32.1188155
            ],
            [
              118.926998,
              32.1188269
            ],
            [
              118.9269845,
              32.1188298
            ],
            [
              118.9267686,
              32.1187269
            ],
            [
              118.9267573,
              32.1187145
            ],
            [
              118.9267551,
              32.1186993
            ]
          ]
        ]
      }
    },
    {
      "type": "Feature",
      "id": "osm:way:225205344",
      "properties": {
        "featureType": "GREEN",
        "campusCode": "NJUPT_XIANLIN",
        "externalId": "osm:way:225205344",
        "name": "未命名绿地",
        "dataSource": "OPENSTREETMAP",
        "verificationStatus": "SOURCE_VERIFIED",
        "sourceId": "osm-xianlin-2026-08-22",
        "sourceUpdatedAt": null,
        "osmType": "way",
        "osmId": 225205344,
        "priority": 35
      },
      "geometry": {
        "type": "Polygon",
        "coordinates": [
          [
            [
              118.9278473,
              32.1194939
            ],
            [
              118.9278165,
              32.1194729
            ],
            [
              118.9278185,
              32.119438
            ],
            [
              118.9278933,
              32.1193166
            ],
            [
              118.9280178,
              32.1193751
            ],
            [
              118.9279161,
              32.119527
            ],
            [
              118.9278473,
              32.1194939
            ]
          ]
        ]
      }
    },
    {
      "type": "Feature",
      "id": "osm:way:225205346",
      "properties": {
        "featureType": "GREEN",
        "campusCode": "NJUPT_XIANLIN",
        "externalId": "osm:way:225205346",
        "name": "未命名绿地",
        "dataSource": "OPENSTREETMAP",
        "verificationStatus": "SOURCE_VERIFIED",
        "sourceId": "osm-xianlin-2026-08-22",
        "sourceUpdatedAt": null,
        "osmType": "way",
        "osmId": 225205346,
        "priority": 35
      },
      "geometry": {
        "type": "Polygon",
        "coordinates": [
          [
            [
              118.9276602,
              32.1199084
            ],
            [
              118.9275559,
              32.1198567
            ],
            [
              118.927619,
              32.1197581
            ],
            [
              118.9276452,
              32.1197202
            ],
            [
              118.9276734,
              32.1196972
            ],
            [
              118.9277093,
              32.1196972
            ],
            [
              118.9277792,
              32.1197309
            ],
            [
              118.9276602,
              32.1199084
            ]
          ]
        ]
      }
    },
    {
      "type": "Feature",
      "id": "osm:way:225205347",
      "properties": {
        "featureType": "GREEN",
        "campusCode": "NJUPT_XIANLIN",
        "externalId": "osm:way:225205347",
        "name": "未命名绿地",
        "dataSource": "OPENSTREETMAP",
        "verificationStatus": "SOURCE_VERIFIED",
        "sourceId": "osm-xianlin-2026-08-22",
        "sourceUpdatedAt": null,
        "osmType": "way",
        "osmId": 225205347,
        "priority": 35
      },
      "geometry": {
        "type": "Polygon",
        "coordinates": [
          [
            [
              118.9276379,
              32.1199417
            ],
            [
              118.9275345,
              32.1198892
            ],
            [
              118.9274834,
              32.1199694
            ],
            [
              118.9274706,
              32.1200154
            ],
            [
              118.9274881,
              32.1200567
            ],
            [
              118.9275223,
              32.1200953
            ],
            [
              118.9276332,
              32.1201485
            ],
            [
              118.9276538,
              32.1201172
            ],
            [
              118.9275528,
              32.1200689
            ],
            [
              118.9276379,
              32.1199417
            ]
          ]
        ]
      }
    },
    {
      "type": "Feature",
      "id": "osm:way:225205349",
      "properties": {
        "featureType": "GREEN",
        "campusCode": "NJUPT_XIANLIN",
        "externalId": "osm:way:225205349",
        "name": "未命名绿地",
        "dataSource": "OPENSTREETMAP",
        "verificationStatus": "SOURCE_VERIFIED",
        "sourceId": "osm-xianlin-2026-08-22",
        "sourceUpdatedAt": null,
        "osmType": "way",
        "osmId": 225205349,
        "priority": 35
      },
      "geometry": {
        "type": "Polygon",
        "coordinates": [
          [
            [
              118.9276797,
              32.1201727
            ],
            [
              118.9277012,
              32.1201399
            ],
            [
              118.9278055,
              32.1201898
            ],
            [
              118.9278847,
              32.1200711
            ],
            [
              118.9279771,
              32.1201153
            ],
            [
              118.9278753,
              32.1202666
            ],
            [
              118.9276797,
              32.1201727
            ]
          ]
        ]
      }
    },
    {
      "type": "Feature",
      "id": "osm:way:225205901",
      "properties": {
        "featureType": "GREEN",
        "campusCode": "NJUPT_XIANLIN",
        "externalId": "osm:way:225205901",
        "name": "未命名绿地",
        "dataSource": "OPENSTREETMAP",
        "verificationStatus": "SOURCE_VERIFIED",
        "sourceId": "osm-xianlin-2026-08-22",
        "sourceUpdatedAt": null,
        "osmType": "way",
        "osmId": 225205901,
        "priority": 35
      },
      "geometry": {
        "type": "Polygon",
        "coordinates": [
          [
            [
              118.9280232,
              32.1183992
            ],
            [
              118.9279613,
              32.1183693
            ],
            [
              118.9280581,
              32.1182263
            ],
            [
              118.9280922,
              32.1182135
            ],
            [
              118.9281453,
              32.1182263
            ],
            [
              118.9281089,
              32.1182819
            ],
            [
              118.9280532,
              32.1183612
            ],
            [
              118.9280895,
              32.1183795
            ],
            [
              118.9280618,
              32.1184186
            ],
            [
              118.9280232,
              32.1183992
            ]
          ]
        ]
      }
    },
    {
      "type": "Feature",
      "id": "osm:way:225205902",
      "properties": {
        "featureType": "GREEN",
        "campusCode": "NJUPT_XIANLIN",
        "externalId": "osm:way:225205902",
        "name": "未命名绿地",
        "dataSource": "OPENSTREETMAP",
        "verificationStatus": "SOURCE_VERIFIED",
        "sourceId": "osm-xianlin-2026-08-22",
        "sourceUpdatedAt": null,
        "osmType": "way",
        "osmId": 225205902,
        "priority": 35
      },
      "geometry": {
        "type": "Polygon",
        "coordinates": [
          [
            [
              118.9279888,
              32.1184487
            ],
            [
              118.9279253,
              32.1184175
            ],
            [
              118.9278409,
              32.1185404
            ],
            [
              118.9278305,
              32.1185733
            ],
            [
              118.9278456,
              32.1186022
            ],
            [
              118.9278694,
              32.1186159
            ],
            [
              118.9278986,
              32.1185755
            ],
            [
              118.9279602,
              32.1184857
            ],
            [
              118.9280023,
              32.118507
            ],
            [
              118.9280295,
              32.118469
            ],
            [
              118.9279888,
              32.1184487
            ]
          ]
        ]
      }
    },
    {
      "type": "Feature",
      "id": "osm:way:225253708",
      "properties": {
        "featureType": "GREEN",
        "campusCode": "NJUPT_XIANLIN",
        "externalId": "osm:way:225253708",
        "name": "未命名绿地",
        "dataSource": "OPENSTREETMAP",
        "verificationStatus": "SOURCE_VERIFIED",
        "sourceId": "osm-xianlin-2026-08-22",
        "sourceUpdatedAt": null,
        "osmType": "way",
        "osmId": 225253708,
        "priority": 35
      },
      "geometry": {
        "type": "Polygon",
        "coordinates": [
          [
            [
              118.9268509,
              32.120166
            ],
            [
              118.9267946,
              32.120134
            ],
            [
              118.9268041,
              32.1200875
            ],
            [
              118.9268041,
              32.1200313
            ],
            [
              118.9267795,
              32.11998
            ],
            [
              118.9267454,
              32.1199254
            ],
            [
              118.9267968,
              32.1198475
            ],
            [
              118.9268154,
              32.1198429
            ],
            [
              118.9274334,
              32.1201412
            ],
            [
              118.927377,
              32.1202237
            ],
            [
              118.9269492,
              32.1200145
            ],
            [
              118.9268835,
              32.1201109
            ],
            [
              118.9268509,
              32.120166
            ]
          ]
        ]
      }
    },
    {
      "type": "Feature",
      "id": "osm:way:225253709",
      "properties": {
        "featureType": "GREEN",
        "campusCode": "NJUPT_XIANLIN",
        "externalId": "osm:way:225253709",
        "name": "未命名绿地",
        "dataSource": "OPENSTREETMAP",
        "verificationStatus": "SOURCE_VERIFIED",
        "sourceId": "osm-xianlin-2026-08-22",
        "sourceUpdatedAt": null,
        "osmType": "way",
        "osmId": 225253709,
        "priority": 35
      },
      "geometry": {
        "type": "Polygon",
        "coordinates": [
          [
            [
              118.927474,
              32.1202711
            ],
            [
              118.9275307,
              32.1201878
            ],
            [
              118.9280563,
              32.1204473
            ],
            [
              118.9280881,
              32.1204821
            ],
            [
              118.9280974,
              32.120517
            ],
            [
              118.9280918,
              32.1205582
            ],
            [
              118.9279872,
              32.1207152
            ],
            [
              118.9279208,
              32.120677
            ],
            [
              118.9279519,
              32.120632
            ],
            [
              118.9279004,
              32.1206065
            ],
            [
              118.9279652,
              32.1205114
            ],
            [
              118.927474,
              32.1202711
            ]
          ]
        ]
      }
    },
    {
      "type": "Feature",
      "id": "osm:way:225253710",
      "properties": {
        "featureType": "GREEN",
        "campusCode": "NJUPT_XIANLIN",
        "externalId": "osm:way:225253710",
        "name": "未命名绿地",
        "dataSource": "OPENSTREETMAP",
        "verificationStatus": "SOURCE_VERIFIED",
        "sourceId": "osm-xianlin-2026-08-22",
        "sourceUpdatedAt": null,
        "osmType": "way",
        "osmId": 225253710,
        "priority": 35
      },
      "geometry": {
        "type": "Polygon",
        "coordinates": [
          [
            [
              118.9268478,
              32.1202124
            ],
            [
              118.9267785,
              32.1201739
            ],
            [
              118.9267411,
              32.1202253
            ],
            [
              118.9266822,
              32.1202662
            ],
            [
              118.9266214,
              32.1202924
            ],
            [
              118.926522,
              32.1203054
            ],
            [
              118.9277838,
              32.1209471
            ],
            [
              118.9278126,
              32.1209492
            ],
            [
              118.9278383,
              32.1209353
            ],
            [
              118.9279493,
              32.120768
            ],
            [
              118.9278834,
              32.1207312
            ],
            [
              118.9278548,
              32.1207726
            ],
            [
              118.9278132,
              32.120752
            ],
            [
              118.9277527,
              32.1208395
            ],
            [
              118.9267282,
              32.1203317
            ],
            [
              118.9267865,
              32.1202472
            ],
            [
              118.9268143,
              32.120261
            ],
            [
              118.9268478,
              32.1202124
            ]
          ]
        ]
      }
    },
    {
      "type": "Feature",
      "id": "osm:way:225253713",
      "properties": {
        "featureType": "GREEN",
        "campusCode": "NJUPT_XIANLIN",
        "externalId": "osm:way:225253713",
        "name": "未命名绿地",
        "dataSource": "OPENSTREETMAP",
        "verificationStatus": "SOURCE_VERIFIED",
        "sourceId": "osm-xianlin-2026-08-22",
        "sourceUpdatedAt": null,
        "osmType": "way",
        "osmId": 225253713,
        "priority": 35
      },
      "geometry": {
        "type": "Polygon",
        "coordinates": [
          [
            [
              118.9264671,
              32.120549
            ],
            [
              118.9264305,
              32.1206039
            ],
            [
              118.9263124,
              32.1205466
            ],
            [
              118.9263001,
              32.1205237
            ],
            [
              118.9264198,
              32.1203451
            ],
            [
              118.9264466,
              32.1203391
            ],
            [
              118.9270595,
              32.1206387
            ],
            [
              118.9270153,
              32.1207011
            ],
            [
              118.9265266,
              32.1204616
            ],
            [
              118.9264671,
              32.120549
            ]
          ]
        ]
      }
    },
    {
      "type": "Feature",
      "id": "osm:way:225253714",
      "properties": {
        "featureType": "GREEN",
        "campusCode": "NJUPT_XIANLIN",
        "externalId": "osm:way:225253714",
        "name": "未命名绿地",
        "dataSource": "OPENSTREETMAP",
        "verificationStatus": "SOURCE_VERIFIED",
        "sourceId": "osm-xianlin-2026-08-22",
        "sourceUpdatedAt": null,
        "osmType": "way",
        "osmId": 225253714,
        "priority": 35
      },
      "geometry": {
        "type": "Polygon",
        "coordinates": [
          [
            [
              118.9271057,
              32.1207454
            ],
            [
              118.9271452,
              32.1206856
            ],
            [
              118.927751,
              32.1209732
            ],
            [
              118.9277706,
              32.1210004
            ],
            [
              118.9277706,
              32.1210367
            ],
            [
              118.9276553,
              32.1211992
            ],
            [
              118.9275636,
              32.1211524
            ],
            [
              118.9275998,
              32.1210995
            ],
            [
              118.9275546,
              32.1210774
            ],
            [
              118.9276118,
              32.1209935
            ],
            [
              118.9271057,
              32.1207454
            ]
          ]
        ]
      }
    },
    {
      "type": "Feature",
      "id": "osm:way:225253715",
      "properties": {
        "featureType": "GREEN",
        "campusCode": "NJUPT_XIANLIN",
        "externalId": "osm:way:225253715",
        "name": "未命名绿地",
        "dataSource": "OPENSTREETMAP",
        "verificationStatus": "SOURCE_VERIFIED",
        "sourceId": "osm-xianlin-2026-08-22",
        "sourceUpdatedAt": null,
        "osmType": "way",
        "osmId": 225253715,
        "priority": 35
      },
      "geometry": {
        "type": "Polygon",
        "coordinates": [
          [
            [
              118.9263763,
              32.1206882
            ],
            [
              118.9264059,
              32.1206449
            ],
            [
              118.9262948,
              32.1205858
            ],
            [
              118.9262632,
              32.1205879
            ],
            [
              118.9261485,
              32.120752
            ],
            [
              118.9261485,
              32.1207806
            ],
            [
              118.9261673,
              32.1208109
            ],
            [
              118.9274386,
              32.1214444
            ],
            [
              118.927471,
              32.1214483
            ],
            [
              118.9274988,
              32.1214375
            ],
            [
              118.9276215,
              32.1212473
            ],
            [
              118.9275291,
              32.1212028
            ],
            [
              118.9274965,
              32.1212504
            ],
            [
              118.927458,
              32.1212315
            ],
            [
              118.9274019,
              32.1213135
            ],
            [
              118.9263143,
              32.1207796
            ],
            [
              118.9263763,
              32.1206882
            ]
          ]
        ]
      }
    },
    {
      "type": "Feature",
      "id": "osm:way:225255208",
      "properties": {
        "featureType": "GREEN",
        "campusCode": "NJUPT_XIANLIN",
        "externalId": "osm:way:225255208",
        "name": "未命名绿地",
        "dataSource": "OPENSTREETMAP",
        "verificationStatus": "SOURCE_VERIFIED",
        "sourceId": "osm-xianlin-2026-08-22",
        "sourceUpdatedAt": null,
        "osmType": "way",
        "osmId": 225255208,
        "priority": 35
      },
      "geometry": {
        "type": "Polygon",
        "coordinates": [
          [
            [
              118.9279716,
              32.1210456
            ],
            [
              118.9279078,
              32.1210112
            ],
            [
              118.9279015,
              32.1209951
            ],
            [
              118.9279489,
              32.1209238
            ],
            [
              118.9279668,
              32.1209238
            ],
            [
              118.9280336,
              32.1209554
            ],
            [
              118.9279716,
              32.1210456
            ]
          ]
        ]
      }
    },
    {
      "type": "Feature",
      "id": "osm:way:225255209",
      "properties": {
        "featureType": "GREEN",
        "campusCode": "NJUPT_XIANLIN",
        "externalId": "osm:way:225255209",
        "name": "未命名绿地",
        "dataSource": "OPENSTREETMAP",
        "verificationStatus": "SOURCE_VERIFIED",
        "sourceId": "osm-xianlin-2026-08-22",
        "sourceUpdatedAt": null,
        "osmType": "way",
        "osmId": 225255209,
        "priority": 35
      },
      "geometry": {
        "type": "Polygon",
        "coordinates": [
          [
            [
              118.9280478,
              32.1209347
            ],
            [
              118.9279857,
              32.1209024
            ],
            [
              118.9279741,
              32.1208882
            ],
            [
              118.9279938,
              32.1208598
            ],
            [
              118.9280162,
              32.1208659
            ],
            [
              118.928074,
              32.1208967
            ],
            [
              118.9280478,
              32.1209347
            ]
          ]
        ]
      }
    },
    {
      "type": "Feature",
      "id": "osm:way:225255210",
      "properties": {
        "featureType": "GREEN",
        "campusCode": "NJUPT_XIANLIN",
        "externalId": "osm:way:225255210",
        "name": "未命名绿地",
        "dataSource": "OPENSTREETMAP",
        "verificationStatus": "SOURCE_VERIFIED",
        "sourceId": "osm-xianlin-2026-08-22",
        "sourceUpdatedAt": null,
        "osmType": "way",
        "osmId": 225255210,
        "priority": 35
      },
      "geometry": {
        "type": "Polygon",
        "coordinates": [
          [
            [
              118.9280922,
              32.1208703
            ],
            [
              118.9280309,
              32.1208383
            ],
            [
              118.9280215,
              32.1208231
            ],
            [
              118.9280509,
              32.1207777
            ],
            [
              118.9280762,
              32.120775
            ],
            [
              118.9281363,
              32.1208061
            ],
            [
              118.9280922,
              32.1208703
            ]
          ]
        ]
      }
    },
    {
      "type": "Feature",
      "id": "osm:way:225255219",
      "properties": {
        "featureType": "GREEN",
        "campusCode": "NJUPT_XIANLIN",
        "externalId": "osm:way:225255219",
        "name": "未命名绿地",
        "dataSource": "OPENSTREETMAP",
        "verificationStatus": "SOURCE_VERIFIED",
        "sourceId": "osm-xianlin-2026-08-22",
        "sourceUpdatedAt": null,
        "osmType": "way",
        "osmId": 225255219,
        "priority": 35
      },
      "geometry": {
        "type": "Polygon",
        "coordinates": [
          [
            [
              118.9278304,
              32.1211345
            ],
            [
              118.9278237,
              32.1211186
            ],
            [
              118.9278546,
              32.1210709
            ],
            [
              118.9278801,
              32.121072
            ],
            [
              118.9279353,
              32.1210983
            ],
            [
              118.9278896,
              32.1211648
            ],
            [
              118.9278304,
              32.1211345
            ]
          ]
        ]
      }
    },
    {
      "type": "Feature",
      "id": "osm:way:1173057057",
      "properties": {
        "featureType": "WATER",
        "campusCode": "NJUPT_XIANLIN",
        "externalId": "osm:way:1173057057",
        "name": "未命名水体",
        "dataSource": "OPENSTREETMAP",
        "verificationStatus": "SOURCE_VERIFIED",
        "sourceId": "osm-xianlin-2026-08-22",
        "sourceUpdatedAt": null,
        "osmType": "way",
        "osmId": 1173057057,
        "priority": 35
      },
      "geometry": {
        "type": "Polygon",
        "coordinates": [
          [
            [
              118.9246348,
              32.1167044
            ],
            [
              118.9246494,
              32.1167148
            ],
            [
              118.9246656,
              32.1167845
            ],
            [
              118.9246702,
              32.1167949
            ],
            [
              118.9246805,
              32.1168019
            ],
            [
              118.9249028,
              32.1169214
            ],
            [
              118.9249099,
              32.1169292
            ],
            [
              118.9249134,
              32.1169378
            ],
            [
              118.9249357,
              32.1170425
            ],
            [
              118.924936,
              32.1170477
            ],
            [
              118.9249343,
              32.1170528
            ],
            [
              118.924932,
              32.1170553
            ],
            [
              118.9249283,
              32.117057
            ],
            [
              118.9249234,
              32.1170567
            ],
            [
              118.9249187,
              32.1170551
            ],
            [
              118.9245545,
              32.1168996
            ],
            [
              118.9245229,
              32.1168736
            ],
            [
              118.924503,
              32.1168431
            ],
            [
              118.9244886,
              32.1168026
            ],
            [
              118.9244958,
              32.1167613
            ],
            [
              118.9245121,
              32.1167345
            ],
            [
              118.9245373,
              32.1167139
            ],
            [
              118.9245788,
              32.1166979
            ],
            [
              118.9246131,
              32.1166963
            ],
            [
              118.9246253,
              32.1166994
            ],
            [
              118.9246348,
              32.1167044
            ]
          ]
        ]
      }
    },
    {
      "type": "Feature",
      "id": "osm:way:223859819",
      "properties": {
        "featureType": "SPORT",
        "campusCode": "NJUPT_XIANLIN",
        "externalId": "osm:way:223859819",
        "name": "手球场",
        "dataSource": "OPENSTREETMAP",
        "verificationStatus": "SOURCE_VERIFIED",
        "sourceId": "osm-xianlin-2026-08-22",
        "sourceUpdatedAt": null,
        "osmType": "way",
        "osmId": 223859819,
        "priority": 35
      },
      "geometry": {
        "type": "Polygon",
        "coordinates": [
          [
            [
              118.9288267,
              32.1181132
            ],
            [
              118.9289285,
              32.1179566
            ],
            [
              118.9291654,
              32.1180671
            ],
            [
              118.9293766,
              32.1181656
            ],
            [
              118.9292747,
              32.1183222
            ],
            [
              118.9288267,
              32.1181132
            ]
          ]
        ]
      }
    },
    {
      "type": "Feature",
      "id": "osm:way:223859821",
      "properties": {
        "featureType": "SPORT",
        "campusCode": "NJUPT_XIANLIN",
        "externalId": "osm:way:223859821",
        "name": "南区排球场",
        "dataSource": "OPENSTREETMAP",
        "verificationStatus": "SOURCE_VERIFIED",
        "sourceId": "osm-xianlin-2026-08-22",
        "sourceUpdatedAt": null,
        "osmType": "way",
        "osmId": 223859821,
        "priority": 35
      },
      "geometry": {
        "type": "Polygon",
        "coordinates": [
          [
            [
              118.9295064,
              32.1174533
            ],
            [
              118.9303026,
              32.1174519
            ],
            [
              118.930302,
              32.1172388
            ],
            [
              118.9302289,
              32.1172389
            ],
            [
              118.9295075,
              32.1172363
            ],
            [
              118.9295064,
              32.1174533
            ]
          ]
        ]
      }
    },
    {
      "type": "Feature",
      "id": "osm:way:223859822",
      "properties": {
        "featureType": "SPORT",
        "campusCode": "NJUPT_XIANLIN",
        "externalId": "osm:way:223859822",
        "name": "南区网球场",
        "dataSource": "OPENSTREETMAP",
        "verificationStatus": "SOURCE_VERIFIED",
        "sourceId": "osm-xianlin-2026-08-22",
        "sourceUpdatedAt": null,
        "osmType": "way",
        "osmId": 223859822,
        "priority": 35
      },
      "geometry": {
        "type": "Polygon",
        "coordinates": [
          [
            [
              118.9295064,
              32.1174533
            ],
            [
              118.9303026,
              32.1174519
            ],
            [
              118.9303035,
              32.1177773
            ],
            [
              118.9295048,
              32.1177761
            ],
            [
              118.9295064,
              32.1174533
            ]
          ]
        ]
      }
    },
    {
      "type": "Feature",
      "id": "osm:way:223859839",
      "properties": {
        "featureType": "SPORT",
        "campusCode": "NJUPT_XIANLIN",
        "externalId": "osm:way:223859839",
        "name": "南区足球场",
        "dataSource": "OPENSTREETMAP",
        "verificationStatus": "SOURCE_VERIFIED",
        "sourceId": "osm-xianlin-2026-08-22",
        "sourceUpdatedAt": null,
        "osmType": "way",
        "osmId": 223859839,
        "priority": 35
      },
      "geometry": {
        "type": "Polygon",
        "coordinates": [
          [
            [
              118.9285928,
              32.1171386
            ],
            [
              118.9293344,
              32.1171392
            ],
            [
              118.9293356,
              32.1161631
            ],
            [
              118.9285939,
              32.1161625
            ],
            [
              118.9285928,
              32.1171386
            ]
          ]
        ]
      }
    },
    {
      "type": "Feature",
      "id": "osm:way:223859847",
      "properties": {
        "featureType": "SPORT",
        "campusCode": "NJUPT_XIANLIN",
        "externalId": "osm:way:223859847",
        "name": "手球场",
        "dataSource": "OPENSTREETMAP",
        "verificationStatus": "SOURCE_VERIFIED",
        "sourceId": "osm-xianlin-2026-08-22",
        "sourceUpdatedAt": null,
        "osmType": "way",
        "osmId": 223859847,
        "priority": 35
      },
      "geometry": {
        "type": "Polygon",
        "coordinates": [
          [
            [
              118.9287101,
              32.1180535
            ],
            [
              118.9282644,
              32.1178456
            ],
            [
              118.928365,
              32.117691
            ],
            [
              118.9284479,
              32.1177297
            ],
            [
              118.9288107,
              32.1178989
            ],
            [
              118.9287101,
              32.1180535
            ]
          ]
        ]
      }
    },
    {
      "type": "Feature",
      "id": "osm:way:225100846",
      "properties": {
        "featureType": "GREEN",
        "campusCode": "NJUPT_XIANLIN",
        "externalId": "osm:way:225100846",
        "name": "未命名绿地",
        "dataSource": "OPENSTREETMAP",
        "verificationStatus": "SOURCE_VERIFIED",
        "sourceId": "osm-xianlin-2026-08-22",
        "sourceUpdatedAt": null,
        "osmType": "way",
        "osmId": 225100846,
        "priority": 35
      },
      "geometry": {
        "type": "Polygon",
        "coordinates": [
          [
            [
              118.929519,
              32.1178719
            ],
            [
              118.929509,
              32.1178666
            ],
            [
              118.9295031,
              32.1178592
            ],
            [
              118.9295033,
              32.1178245
            ],
            [
              118.9295081,
              32.1178204
            ],
            [
              118.9297024,
              32.1178216
            ],
            [
              118.9297022,
              32.1178742
            ],
            [
              118.9298109,
              32.1178742
            ],
            [
              118.9298115,
              32.1178216
            ],
            [
              118.9299022,
              32.1178246
            ],
            [
              118.9299022,
              32.1179219
            ],
            [
              118.9301689,
              32.1179218
            ],
            [
              118.9301689,
              32.1178246
            ],
            [
              118.9302815,
              32.1178243
            ],
            [
              118.9302885,
              32.1178279
            ],
            [
              118.9302944,
              32.1178357
            ],
            [
              118.93031,
              32.117898
            ],
            [
              118.9302984,
              32.117946
            ],
            [
              118.9302825,
              32.117939
            ],
            [
              118.930135,
              32.1181466
            ],
            [
              118.9301241,
              32.1181529
            ],
            [
              118.9301116,
              32.1181508
            ],
            [
              118.929519,
              32.1178719
            ]
          ]
        ]
      }
    },
    {
      "type": "Feature",
      "id": "osm:way:225102477",
      "properties": {
        "featureType": "GREEN",
        "campusCode": "NJUPT_XIANLIN",
        "externalId": "osm:way:225102477",
        "name": "未命名绿地",
        "dataSource": "OPENSTREETMAP",
        "verificationStatus": "SOURCE_VERIFIED",
        "sourceId": "osm-xianlin-2026-08-22",
        "sourceUpdatedAt": null,
        "osmType": "way",
        "osmId": 225102477,
        "priority": 35
      },
      "geometry": {
        "type": "Polygon",
        "coordinates": [
          [
            [
              118.9300551,
              32.1187338
            ],
            [
              118.9296335,
              32.118534
            ],
            [
              118.9296009,
              32.1185017
            ],
            [
              118.9296009,
              32.1184639
            ],
            [
              118.9297605,
              32.1182065
            ],
            [
              118.929779,
              32.1181814
            ],
            [
              118.929809,
              32.1181723
            ],
            [
              118.9298513,
              32.1181856
            ],
            [
              118.9296578,
              32.1184856
            ],
            [
              118.9300851,
              32.1186888
            ],
            [
              118.9300551,
              32.1187338
            ]
          ]
        ]
      }
    },
    {
      "type": "Feature",
      "id": "osm:way:225102825",
      "properties": {
        "featureType": "GREEN",
        "campusCode": "NJUPT_XIANLIN",
        "externalId": "osm:way:225102825",
        "name": "未命名绿地",
        "dataSource": "OPENSTREETMAP",
        "verificationStatus": "SOURCE_VERIFIED",
        "sourceId": "osm-xianlin-2026-08-22",
        "sourceUpdatedAt": null,
        "osmType": "way",
        "osmId": 225102825,
        "priority": 35
      },
      "geometry": {
        "type": "Polygon",
        "coordinates": [
          [
            [
              118.9297965,
              32.1183315
            ],
            [
              118.9298482,
              32.1183554
            ],
            [
              118.929878,
              32.1183105
            ],
            [
              118.9301577,
              32.1184451
            ],
            [
              118.9301909,
              32.1183993
            ],
            [
              118.9302037,
              32.118378
            ],
            [
              118.9301856,
              32.1183688
            ],
            [
              118.9301021,
              32.1183297
            ],
            [
              118.9301132,
              32.1183126
            ],
            [
              118.9298796,
              32.1182005
            ],
            [
              118.9297965,
              32.1183315
            ]
          ]
        ]
      }
    },
    {
      "type": "Feature",
      "id": "osm:way:225102826",
      "properties": {
        "featureType": "GREEN",
        "campusCode": "NJUPT_XIANLIN",
        "externalId": "osm:way:225102826",
        "name": "未命名绿地",
        "dataSource": "OPENSTREETMAP",
        "verificationStatus": "SOURCE_VERIFIED",
        "sourceId": "osm-xianlin-2026-08-22",
        "sourceUpdatedAt": null,
        "osmType": "way",
        "osmId": 225102826,
        "priority": 35
      },
      "geometry": {
        "type": "Polygon",
        "coordinates": [
          [
            [
              118.9300853,
              32.118522
            ],
            [
              118.9300588,
              32.1185609
            ],
            [
              118.9301426,
              32.1186018
            ],
            [
              118.9302151,
              32.1184937
            ],
            [
              118.9301937,
              32.1184833
            ],
            [
              118.9301542,
              32.1184643
            ],
            [
              118.9301089,
              32.1185323
            ],
            [
              118.9300853,
              32.118522
            ]
          ]
        ]
      }
    },
    {
      "type": "Feature",
      "id": "osm:way:225102827",
      "properties": {
        "featureType": "GREEN",
        "campusCode": "NJUPT_XIANLIN",
        "externalId": "osm:way:225102827",
        "name": "未命名绿地",
        "dataSource": "OPENSTREETMAP",
        "verificationStatus": "SOURCE_VERIFIED",
        "sourceId": "osm-xianlin-2026-08-22",
        "sourceUpdatedAt": null,
        "osmType": "way",
        "osmId": 225102827,
        "priority": 35
      },
      "geometry": {
        "type": "Polygon",
        "coordinates": [
          [
            [
              118.929831,
              32.1183818
            ],
            [
              118.92978,
              32.1183593
            ],
            [
              118.9297616,
              32.1183873
            ],
            [
              118.9297626,
              32.1184063
            ],
            [
              118.9297719,
              32.1184223
            ],
            [
              118.9298339,
              32.1184517
            ],
            [
              118.9298582,
              32.1184139
            ],
            [
              118.9298215,
              32.1183965
            ],
            [
              118.929831,
              32.1183818
            ]
          ]
        ]
      }
    },
    {
      "type": "Feature",
      "id": "osm:way:225102828",
      "properties": {
        "featureType": "GREEN",
        "campusCode": "NJUPT_XIANLIN",
        "externalId": "osm:way:225102828",
        "name": "未命名绿地",
        "dataSource": "OPENSTREETMAP",
        "verificationStatus": "SOURCE_VERIFIED",
        "sourceId": "osm-xianlin-2026-08-22",
        "sourceUpdatedAt": null,
        "osmType": "way",
        "osmId": 225102828,
        "priority": 35
      },
      "geometry": {
        "type": "Polygon",
        "coordinates": [
          [
            [
              118.9298773,
              32.1184229
            ],
            [
              118.9298516,
              32.1184614
            ],
            [
              118.9300429,
              32.1185528
            ],
            [
              118.9300686,
              32.1185143
            ],
            [
              118.9298773,
              32.1184229
            ]
          ]
        ]
      }
    },
    {
      "type": "Feature",
      "id": "osm:way:225204141",
      "properties": {
        "featureType": "GREEN",
        "campusCode": "NJUPT_XIANLIN",
        "externalId": "osm:way:225204141",
        "name": "未命名绿地",
        "dataSource": "OPENSTREETMAP",
        "verificationStatus": "SOURCE_VERIFIED",
        "sourceId": "osm-xianlin-2026-08-22",
        "sourceUpdatedAt": null,
        "osmType": "way",
        "osmId": 225204141,
        "priority": 35
      },
      "geometry": {
        "type": "Polygon",
        "coordinates": [
          [
            [
              118.9284738,
              32.1194829
            ],
            [
              118.9285232,
              32.1194102
            ],
            [
              118.9285709,
              32.1193399
            ],
            [
              118.9287062,
              32.1194051
            ],
            [
              118.9287487,
              32.1194451
            ],
            [
              118.9287691,
              32.1194904
            ],
            [
              118.9287644,
              32.1195397
            ],
            [
              118.9286243,
              32.1197471
            ],
            [
              118.9285709,
              32.1198261
            ],
            [
              118.9285214,
              32.1197989
            ],
            [
              118.9284549,
              32.1197671
            ],
            [
              118.9286031,
              32.1195447
            ],
            [
              118.9284738,
              32.1194829
            ]
          ]
        ]
      }
    },
    {
      "type": "Feature",
      "id": "osm:way:225204385",
      "properties": {
        "featureType": "GREEN",
        "campusCode": "NJUPT_XIANLIN",
        "externalId": "osm:way:225204385",
        "name": "未命名绿地",
        "dataSource": "OPENSTREETMAP",
        "verificationStatus": "SOURCE_VERIFIED",
        "sourceId": "osm-xianlin-2026-08-22",
        "sourceUpdatedAt": null,
        "osmType": "way",
        "osmId": 225204385,
        "priority": 35
      },
      "geometry": {
        "type": "Polygon",
        "coordinates": [
          [
            [
              118.9282965,
              32.1192555
            ],
            [
              118.9283186,
              32.1192242
            ],
            [
              118.9284992,
              32.1193109
            ],
            [
              118.9284066,
              32.1194506
            ],
            [
              118.9283347,
              32.1194159
            ],
            [
              118.9284068,
              32.1193087
            ],
            [
              118.9282965,
              32.1192555
            ]
          ]
        ]
      }
    },
    {
      "type": "Feature",
      "id": "osm:way:225206687",
      "properties": {
        "featureType": "GREEN",
        "campusCode": "NJUPT_XIANLIN",
        "externalId": "osm:way:225206687",
        "name": "未命名绿地",
        "dataSource": "OPENSTREETMAP",
        "verificationStatus": "SOURCE_VERIFIED",
        "sourceId": "osm-xianlin-2026-08-22",
        "sourceUpdatedAt": null,
        "osmType": "way",
        "osmId": 225206687,
        "priority": 35
      },
      "geometry": {
        "type": "Polygon",
        "coordinates": [
          [
            [
              118.928259,
              32.1190093
            ],
            [
              118.9281986,
              32.1190884
            ],
            [
              118.9282049,
              32.1191085
            ],
            [
              118.9287514,
              32.119368
            ],
            [
              118.9287925,
              32.1193827
            ],
            [
              118.9288351,
              32.1193868
            ],
            [
              118.9288667,
              32.1193707
            ],
            [
              118.9289536,
              32.119249
            ],
            [
              118.9289599,
              32.1192169
            ],
            [
              118.9289457,
              32.1191901
            ],
            [
              118.9287735,
              32.1191005
            ],
            [
              118.9287324,
              32.1191639
            ],
            [
              118.9286761,
              32.1192476
            ],
            [
              118.9285275,
              32.1191759
            ],
            [
              118.9285464,
              32.1191478
            ],
            [
              118.928259,
              32.1190093
            ]
          ]
        ]
      }
    },
    {
      "type": "Feature",
      "id": "osm:way:225206688",
      "properties": {
        "featureType": "GREEN",
        "campusCode": "NJUPT_XIANLIN",
        "externalId": "osm:way:225206688",
        "name": "未命名绿地",
        "dataSource": "OPENSTREETMAP",
        "verificationStatus": "SOURCE_VERIFIED",
        "sourceId": "osm-xianlin-2026-08-22",
        "sourceUpdatedAt": null,
        "osmType": "way",
        "osmId": 225206688,
        "priority": 35
      },
      "geometry": {
        "type": "Polygon",
        "coordinates": [
          [
            [
              118.9288993,
              32.11907
            ],
            [
              118.9288715,
              32.1191058
            ],
            [
              118.9289599,
              32.1191486
            ],
            [
              118.9289931,
              32.1191567
            ],
            [
              118.9290263,
              32.1191513
            ],
            [
              118.9291147,
              32.1190229
            ],
            [
              118.9288893,
              32.1189119
            ],
            [
              118.9288678,
              32.1189428
            ],
            [
              118.9289573,
              32.118986
            ],
            [
              118.9288993,
              32.11907
            ]
          ]
        ]
      }
    },
    {
      "type": "Feature",
      "id": "osm:way:225206689",
      "properties": {
        "featureType": "GREEN",
        "campusCode": "NJUPT_XIANLIN",
        "externalId": "osm:way:225206689",
        "name": "未命名绿地",
        "dataSource": "OPENSTREETMAP",
        "verificationStatus": "SOURCE_VERIFIED",
        "sourceId": "osm-xianlin-2026-08-22",
        "sourceUpdatedAt": null,
        "osmType": "way",
        "osmId": 225206689,
        "priority": 35
      },
      "geometry": {
        "type": "Polygon",
        "coordinates": [
          [
            [
              118.929046,
              32.118864
            ],
            [
              118.9290188,
              32.1189014
            ],
            [
              118.9291508,
              32.1189681
            ],
            [
              118.9292621,
              32.1188106
            ],
            [
              118.9292621,
              32.118782
            ],
            [
              118.9292395,
              32.1187498
            ],
            [
              118.9290819,
              32.1186675
            ],
            [
              118.9290537,
              32.1187068
            ],
            [
              118.9290299,
              32.1187409
            ],
            [
              118.9291056,
              32.1187788
            ],
            [
              118.929046,
              32.118864
            ]
          ]
        ]
      }
    },
    {
      "type": "Feature",
      "id": "osm:way:225206690",
      "properties": {
        "featureType": "GREEN",
        "campusCode": "NJUPT_XIANLIN",
        "externalId": "osm:way:225206690",
        "name": "未命名绿地",
        "dataSource": "OPENSTREETMAP",
        "verificationStatus": "SOURCE_VERIFIED",
        "sourceId": "osm-xianlin-2026-08-22",
        "sourceUpdatedAt": null,
        "osmType": "way",
        "osmId": 225206690,
        "priority": 35
      },
      "geometry": {
        "type": "Polygon",
        "coordinates": [
          [
            [
              118.9288498,
              32.1182613
            ],
            [
              118.9288643,
              32.11824
            ],
            [
              118.9293198,
              32.1184639
            ],
            [
              118.9293655,
              32.1185067
            ],
            [
              118.9293908,
              32.1185749
            ],
            [
              118.9293751,
              32.1186309
            ],
            [
              118.9293174,
              32.1187205
            ],
            [
              118.9292886,
              32.1187296
            ],
            [
              118.9292525,
              32.1187266
            ],
            [
              118.9290903,
              32.1186492
            ],
            [
              118.9291286,
              32.1185968
            ],
            [
              118.9292063,
              32.1186351
            ],
            [
              118.9292641,
              32.118551
            ],
            [
              118.9291663,
              32.1185029
            ],
            [
              118.929194,
              32.1184625
            ],
            [
              118.9288335,
              32.1182851
            ],
            [
              118.9288498,
              32.1182613
            ]
          ]
        ]
      }
    },
    {
      "type": "Feature",
      "id": "osm:way:225249417",
      "properties": {
        "featureType": "GREEN",
        "campusCode": "NJUPT_XIANLIN",
        "externalId": "osm:way:225249417",
        "name": "未命名绿地",
        "dataSource": "OPENSTREETMAP",
        "verificationStatus": "SOURCE_VERIFIED",
        "sourceId": "osm-xianlin-2026-08-22",
        "sourceUpdatedAt": null,
        "osmType": "way",
        "osmId": 225249417,
        "priority": 35
      },
      "geometry": {
        "type": "Polygon",
        "coordinates": [
          [
            [
              118.9301052,
              32.1189417
            ],
            [
              118.9301609,
              32.11886
            ],
            [
              118.929635,
              32.1186089
            ],
            [
              118.9295719,
              32.1185911
            ],
            [
              118.9295183,
              32.1186024
            ],
            [
              118.929462,
              32.1186408
            ],
            [
              118.9293902,
              32.118745
            ],
            [
              118.929396,
              32.1187709
            ],
            [
              118.9294189,
              32.1187919
            ],
            [
              118.9295815,
              32.1188681
            ],
            [
              118.9296127,
              32.1188201
            ],
            [
              118.9295183,
              32.1187756
            ],
            [
              118.9295744,
              32.1186904
            ],
            [
              118.9296712,
              32.1187361
            ],
            [
              118.9296931,
              32.1187027
            ],
            [
              118.9300893,
              32.1188898
            ],
            [
              118.930067,
              32.1189237
            ],
            [
              118.9301052,
              32.1189417
            ]
          ]
        ]
      }
    },
    {
      "type": "Feature",
      "id": "osm:way:225249419",
      "properties": {
        "featureType": "GREEN",
        "campusCode": "NJUPT_XIANLIN",
        "externalId": "osm:way:225249419",
        "name": "未命名绿地",
        "dataSource": "OPENSTREETMAP",
        "verificationStatus": "SOURCE_VERIFIED",
        "sourceId": "osm-xianlin-2026-08-22",
        "sourceUpdatedAt": null,
        "osmType": "way",
        "osmId": 225249419,
        "priority": 35
      },
      "geometry": {
        "type": "Polygon",
        "coordinates": [
          [
            [
              118.929341,
              32.1190615
            ],
            [
              118.9292236,
              32.1190006
            ],
            [
              118.9293275,
              32.1188404
            ],
            [
              118.9293502,
              32.1188269
            ],
            [
              118.9293781,
              32.1188213
            ],
            [
              118.9294048,
              32.1188235
            ],
            [
              118.9295633,
              32.1189013
            ],
            [
              118.9295439,
              32.1189326
            ],
            [
              118.9295259,
              32.1189604
            ],
            [
              118.9294267,
              32.1189142
            ],
            [
              118.9293694,
              32.1190027
            ],
            [
              118.9294286,
              32.1190311
            ],
            [
              118.9293907,
              32.1190858
            ],
            [
              118.929341,
              32.1190615
            ]
          ]
        ]
      }
    },
    {
      "type": "Feature",
      "id": "osm:way:225249421",
      "properties": {
        "featureType": "GREEN",
        "campusCode": "NJUPT_XIANLIN",
        "externalId": "osm:way:225249421",
        "name": "未命名绿地",
        "dataSource": "OPENSTREETMAP",
        "verificationStatus": "SOURCE_VERIFIED",
        "sourceId": "osm-xianlin-2026-08-22",
        "sourceUpdatedAt": null,
        "osmType": "way",
        "osmId": 225249421,
        "priority": 35
      },
      "geometry": {
        "type": "Polygon",
        "coordinates": [
          [
            [
              118.9293121,
              32.1191064
            ],
            [
              118.9291903,
              32.1190469
            ],
            [
              118.9290985,
              32.11918
            ],
            [
              118.9291078,
              32.1192082
            ],
            [
              118.9291424,
              32.1192397
            ],
            [
              118.9293728,
              32.1193514
            ],
            [
              118.9293993,
              32.1193116
            ],
            [
              118.9292216,
              32.1192266
            ],
            [
              118.9292803,
              32.1191388
            ],
            [
              118.9293376,
              32.1191664
            ],
            [
              118.9293608,
              32.1191299
            ],
            [
              118.9293121,
              32.1191064
            ]
          ]
        ]
      }
    },
    {
      "type": "Feature",
      "id": "osm:way:225249422",
      "properties": {
        "featureType": "GREEN",
        "campusCode": "NJUPT_XIANLIN",
        "externalId": "osm:way:225249422",
        "name": "未命名绿地",
        "dataSource": "OPENSTREETMAP",
        "verificationStatus": "SOURCE_VERIFIED",
        "sourceId": "osm-xianlin-2026-08-22",
        "sourceUpdatedAt": null,
        "osmType": "way",
        "osmId": 225249422,
        "priority": 35
      },
      "geometry": {
        "type": "Polygon",
        "coordinates": [
          [
            [
              118.9293225,
              32.119408
            ],
            [
              118.9293451,
              32.1193746
            ],
            [
              118.9291406,
              32.1192741
            ],
            [
              118.9290962,
              32.1192653
            ],
            [
              118.9290545,
              32.119273
            ],
            [
              118.9290258,
              32.1192951
            ],
            [
              118.9289658,
              32.1193945
            ],
            [
              118.9289645,
              32.119421
            ],
            [
              118.9289788,
              32.1194575
            ],
            [
              118.9290184,
              32.1194927
            ],
            [
              118.9294481,
              32.1197056
            ],
            [
              118.9295,
              32.1196291
            ],
            [
              118.9293329,
              32.1195477
            ],
            [
              118.929319,
              32.1195681
            ],
            [
              118.9291467,
              32.1194843
            ],
            [
              118.9292063,
              32.1193964
            ],
            [
              118.9292996,
              32.1194418
            ],
            [
              118.9293225,
              32.119408
            ]
          ]
        ]
      }
    },
    {
      "type": "Feature",
      "id": "osm:way:225249424",
      "properties": {
        "featureType": "GREEN",
        "campusCode": "NJUPT_XIANLIN",
        "externalId": "osm:way:225249424",
        "name": "未命名绿地",
        "dataSource": "OPENSTREETMAP",
        "verificationStatus": "SOURCE_VERIFIED",
        "sourceId": "osm-xianlin-2026-08-22",
        "sourceUpdatedAt": null,
        "osmType": "way",
        "osmId": 225249424,
        "priority": 35
      },
      "geometry": {
        "type": "Polygon",
        "coordinates": [
          [
            [
              118.9295526,
              32.1196546
            ],
            [
              118.9295003,
              32.1197294
            ],
            [
              118.9298867,
              32.1199107
            ],
            [
              118.929932,
              32.1199225
            ],
            [
              118.9299659,
              32.1199085
            ],
            [
              118.9299834,
              32.119896
            ],
            [
              118.9300351,
              32.119746
            ],
            [
              118.9300323,
              32.119732
            ],
            [
              118.9300175,
              32.1197171
            ],
            [
              118.9299772,
              32.1196941
            ],
            [
              118.929938,
              32.1197512
            ],
            [
              118.9298779,
              32.1198398
            ],
            [
              118.9297259,
              32.1197658
            ],
            [
              118.9297396,
              32.1197457
            ],
            [
              118.9295526,
              32.1196546
            ]
          ]
        ]
      }
    },
    {
      "type": "Feature",
      "id": "osm:way:225249426",
      "properties": {
        "featureType": "GREEN",
        "campusCode": "NJUPT_XIANLIN",
        "externalId": "osm:way:225249426",
        "name": "未命名绿地",
        "dataSource": "OPENSTREETMAP",
        "verificationStatus": "SOURCE_VERIFIED",
        "sourceId": "osm-xianlin-2026-08-22",
        "sourceUpdatedAt": null,
        "osmType": "way",
        "osmId": 225249426,
        "priority": 35
      },
      "geometry": {
        "type": "Polygon",
        "coordinates": [
          [
            [
              118.93002,
              32.1196033
            ],
            [
              118.9299872,
              32.1196506
            ],
            [
              118.9300275,
              32.1196706
            ],
            [
              118.930044,
              32.1196746
            ],
            [
              118.9300547,
              32.1196709
            ],
            [
              118.9301272,
              32.1194713
            ],
            [
              118.9300922,
              32.119453
            ],
            [
              118.9300685,
              32.1194413
            ],
            [
              118.9300306,
              32.1194969
            ],
            [
              118.9300773,
              32.1195208
            ],
            [
              118.93002,
              32.1196033
            ]
          ]
        ]
      }
    },
    {
      "type": "Feature",
      "id": "osm:way:225249428",
      "properties": {
        "featureType": "GREEN",
        "campusCode": "NJUPT_XIANLIN",
        "externalId": "osm:way:225249428",
        "name": "未命名绿地",
        "dataSource": "OPENSTREETMAP",
        "verificationStatus": "SOURCE_VERIFIED",
        "sourceId": "osm-xianlin-2026-08-22",
        "sourceUpdatedAt": null,
        "osmType": "way",
        "osmId": 225249428,
        "priority": 35
      },
      "geometry": {
        "type": "Polygon",
        "coordinates": [
          [
            [
              118.930117,
              32.1194166
            ],
            [
              118.9301431,
              32.1194303
            ],
            [
              118.9302092,
              32.1192477
            ],
            [
              118.9302092,
              32.1192231
            ],
            [
              118.9302015,
              32.119201
            ],
            [
              118.9301126,
              32.1191582
            ],
            [
              118.930092,
              32.1191889
            ],
            [
              118.9300683,
              32.1192236
            ],
            [
              118.9301588,
              32.1192679
            ],
            [
              118.9301232,
              32.11932
            ],
            [
              118.9301453,
              32.1193308
            ],
            [
              118.9300943,
              32.1194055
            ],
            [
              118.930117,
              32.1194166
            ]
          ]
        ]
      }
    },
    {
      "type": "Feature",
      "id": "osm:way:225249429",
      "properties": {
        "featureType": "GREEN",
        "campusCode": "NJUPT_XIANLIN",
        "externalId": "osm:way:225249429",
        "name": "未命名绿地",
        "dataSource": "OPENSTREETMAP",
        "verificationStatus": "SOURCE_VERIFIED",
        "sourceId": "osm-xianlin-2026-08-22",
        "sourceUpdatedAt": null,
        "osmType": "way",
        "osmId": 225249429,
        "priority": 35
      },
      "geometry": {
        "type": "Polygon",
        "coordinates": [
          [
            [
              118.9301138,
              32.1190549
            ],
            [
              118.930082,
              32.1191037
            ],
            [
              118.9301892,
              32.1191569
            ],
            [
              118.930223,
              32.1191594
            ],
            [
              118.9302471,
              32.1191443
            ],
            [
              118.9302904,
              32.1189869
            ],
            [
              118.9302965,
              32.1189571
            ],
            [
              118.9302858,
              32.1189324
            ],
            [
              118.9302582,
              32.1189078
            ],
            [
              118.9301969,
              32.118878
            ],
            [
              118.9301443,
              32.1189602
            ],
            [
              118.9301686,
              32.1189717
            ],
            [
              118.9301138,
              32.1190549
            ]
          ]
        ]
      }
    },
    {
      "type": "Feature",
      "id": "osm:way:225251641",
      "properties": {
        "featureType": "GREEN",
        "campusCode": "NJUPT_XIANLIN",
        "externalId": "osm:way:225251641",
        "name": "未命名绿地",
        "dataSource": "OPENSTREETMAP",
        "verificationStatus": "SOURCE_VERIFIED",
        "sourceId": "osm-xianlin-2026-08-22",
        "sourceUpdatedAt": null,
        "osmType": "way",
        "osmId": 225251641,
        "priority": 35
      },
      "geometry": {
        "type": "Polygon",
        "coordinates": [
          [
            [
              118.9293731,
              32.1198213
            ],
            [
              118.9294082,
              32.1197628
            ],
            [
              118.9289907,
              32.1195622
            ],
            [
              118.9289305,
              32.1195589
            ],
            [
              118.9288839,
              32.1195721
            ],
            [
              118.9288412,
              32.1196066
            ],
            [
              118.9287638,
              32.1197128
            ],
            [
              118.9287572,
              32.1197375
            ],
            [
              118.9287676,
              32.1197567
            ],
            [
              118.9288393,
              32.1197941
            ],
            [
              118.928878,
              32.1197435
            ],
            [
              118.9289418,
              32.1196516
            ],
            [
              118.9290487,
              32.1197055
            ],
            [
              118.929069,
              32.1196727
            ],
            [
              118.9293731,
              32.1198213
            ]
          ]
        ]
      }
    },
    {
      "type": "Feature",
      "id": "osm:way:225251642",
      "properties": {
        "featureType": "GREEN",
        "campusCode": "NJUPT_XIANLIN",
        "externalId": "osm:way:225251642",
        "name": "未命名绿地",
        "dataSource": "OPENSTREETMAP",
        "verificationStatus": "SOURCE_VERIFIED",
        "sourceId": "osm-xianlin-2026-08-22",
        "sourceUpdatedAt": null,
        "osmType": "way",
        "osmId": 225251642,
        "priority": 35
      },
      "geometry": {
        "type": "Polygon",
        "coordinates": [
          [
            [
              118.9294278,
              32.1198486
            ],
            [
              118.9294626,
              32.1197924
            ],
            [
              118.9298781,
              32.1199997
            ],
            [
              118.9299131,
              32.1200293
            ],
            [
              118.9299209,
              32.1200457
            ],
            [
              118.929917,
              32.1200786
            ],
            [
              118.9298507,
              32.1202216
            ],
            [
              118.9298235,
              32.1202436
            ],
            [
              118.9297863,
              32.1202447
            ],
            [
              118.929733,
              32.1202195
            ],
            [
              118.9297611,
              32.1201814
            ],
            [
              118.929827,
              32.1200967
            ],
            [
              118.9297232,
              32.1200413
            ],
            [
              118.9297478,
              32.1200084
            ],
            [
              118.9294278,
              32.1198486
            ]
          ]
        ]
      }
    },
    {
      "type": "Feature",
      "id": "osm:way:225251643",
      "properties": {
        "featureType": "GREEN",
        "campusCode": "NJUPT_XIANLIN",
        "externalId": "osm:way:225251643",
        "name": "未命名绿地",
        "dataSource": "OPENSTREETMAP",
        "verificationStatus": "SOURCE_VERIFIED",
        "sourceId": "osm-xianlin-2026-08-22",
        "sourceUpdatedAt": null,
        "osmType": "way",
        "osmId": 225251643,
        "priority": 35
      },
      "geometry": {
        "type": "Polygon",
        "coordinates": [
          [
            [
              118.9296704,
              32.1203948
            ],
            [
              118.9297502,
              32.1202766
            ],
            [
              118.9297694,
              32.1202894
            ],
            [
              118.9297844,
              32.1203114
            ],
            [
              118.9297831,
              32.120337
            ],
            [
              118.9296331,
              32.1205686
            ],
            [
              118.9295671,
              32.1205362
            ],
            [
              118.9295369,
              32.1205211
            ],
            [
              118.9295766,
              32.1204643
            ],
            [
              118.9296127,
              32.1204801
            ],
            [
              118.9296704,
              32.1203948
            ]
          ]
        ]
      }
    },
    {
      "type": "Feature",
      "id": "osm:way:225251644",
      "properties": {
        "featureType": "GREEN",
        "campusCode": "NJUPT_XIANLIN",
        "externalId": "osm:way:225251644",
        "name": "未命名绿地",
        "dataSource": "OPENSTREETMAP",
        "verificationStatus": "SOURCE_VERIFIED",
        "sourceId": "osm-xianlin-2026-08-22",
        "sourceUpdatedAt": null,
        "osmType": "way",
        "osmId": 225251644,
        "priority": 35
      },
      "geometry": {
        "type": "Polygon",
        "coordinates": [
          [
            [
              118.9295346,
              32.1205855
            ],
            [
              118.9295988,
              32.120618
            ],
            [
              118.9295063,
              32.1207703
            ],
            [
              118.9294811,
              32.1207874
            ],
            [
              118.9294458,
              32.1207874
            ],
            [
              118.9294139,
              32.120776
            ],
            [
              118.9294458,
              32.1207331
            ],
            [
              118.9295086,
              32.1206411
            ],
            [
              118.9294694,
              32.1206219
            ],
            [
              118.9295041,
              32.1205698
            ],
            [
              118.9295346,
              32.1205855
            ]
          ]
        ]
      }
    },
    {
      "type": "Feature",
      "id": "osm:way:225251645",
      "properties": {
        "featureType": "GREEN",
        "campusCode": "NJUPT_XIANLIN",
        "externalId": "osm:way:225251645",
        "name": "未命名绿地",
        "dataSource": "OPENSTREETMAP",
        "verificationStatus": "SOURCE_VERIFIED",
        "sourceId": "osm-xianlin-2026-08-22",
        "sourceUpdatedAt": null,
        "osmType": "way",
        "osmId": 225251645,
        "priority": 35
      },
      "geometry": {
        "type": "Polygon",
        "coordinates": [
          [
            [
              118.9293022,
              32.1208839
            ],
            [
              118.9293342,
              32.1209002
            ],
            [
              118.9293939,
              32.1208096
            ],
            [
              118.9294287,
              32.1208286
            ],
            [
              118.9294461,
              32.1208623
            ],
            [
              118.9294376,
              32.1208875
            ],
            [
              118.9293625,
              32.1210236
            ],
            [
              118.929337,
              32.1210415
            ],
            [
              118.9293024,
              32.1210427
            ],
            [
              118.9292663,
              32.1210364
            ],
            [
              118.9287967,
              32.1208107
            ],
            [
              118.928847,
              32.1207397
            ],
            [
              118.929097,
              32.1208636
            ],
            [
              118.9290797,
              32.1208886
            ],
            [
              118.929243,
              32.1209696
            ],
            [
              118.9293022,
              32.1208839
            ]
          ]
        ]
      }
    },
    {
      "type": "Feature",
      "id": "osm:way:225251646",
      "properties": {
        "featureType": "GREEN",
        "campusCode": "NJUPT_XIANLIN",
        "externalId": "osm:way:225251646",
        "name": "未命名绿地",
        "dataSource": "OPENSTREETMAP",
        "verificationStatus": "SOURCE_VERIFIED",
        "sourceId": "osm-xianlin-2026-08-22",
        "sourceUpdatedAt": null,
        "osmType": "way",
        "osmId": 225251646,
        "priority": 35
      },
      "geometry": {
        "type": "Polygon",
        "coordinates": [
          [
            [
              118.9287936,
              32.1207132
            ],
            [
              118.9287497,
              32.1207836
            ],
            [
              118.9282783,
              32.1205582
            ],
            [
              118.9282535,
              32.1205372
            ],
            [
              118.9282445,
              32.120497
            ],
            [
              118.9282558,
              32.1204703
            ],
            [
              118.9283517,
              32.1203313
            ],
            [
              118.9283768,
              32.1203164
            ],
            [
              118.9284107,
              32.1203186
            ],
            [
              118.928496,
              32.1203589
            ],
            [
              118.9284334,
              32.1204523
            ],
            [
              118.9283732,
              32.1205395
            ],
            [
              118.9285426,
              32.1206234
            ],
            [
              118.9285604,
              32.1205976
            ],
            [
              118.9287936,
              32.1207132
            ]
          ]
        ]
      }
    },
    {
      "type": "Feature",
      "id": "osm:way:225251647",
      "properties": {
        "featureType": "GREEN",
        "campusCode": "NJUPT_XIANLIN",
        "externalId": "osm:way:225251647",
        "name": "未命名绿地",
        "dataSource": "OPENSTREETMAP",
        "verificationStatus": "SOURCE_VERIFIED",
        "sourceId": "osm-xianlin-2026-08-22",
        "sourceUpdatedAt": null,
        "osmType": "way",
        "osmId": 225251647,
        "priority": 35
      },
      "geometry": {
        "type": "Polygon",
        "coordinates": [
          [
            [
              118.928536,
              32.1202806
            ],
            [
              118.9285061,
              32.1203271
            ],
            [
              118.9284295,
              32.120293
            ],
            [
              118.9284132,
              32.1202707
            ],
            [
              118.9284132,
              32.1202452
            ],
            [
              118.9285148,
              32.1200837
            ],
            [
              118.9285921,
              32.120121
            ],
            [
              118.9286432,
              32.1201462
            ],
            [
              118.9286018,
              32.1202066
            ],
            [
              118.928552,
              32.1201826
            ],
            [
              118.9284978,
              32.1202619
            ],
            [
              118.928536,
              32.1202806
            ]
          ]
        ]
      }
    },
    {
      "type": "Feature",
      "id": "osm:way:225255213",
      "properties": {
        "featureType": "GREEN",
        "campusCode": "NJUPT_XIANLIN",
        "externalId": "osm:way:225255213",
        "name": "未命名绿地",
        "dataSource": "OPENSTREETMAP",
        "verificationStatus": "SOURCE_VERIFIED",
        "sourceId": "osm-xianlin-2026-08-22",
        "sourceUpdatedAt": null,
        "osmType": "way",
        "osmId": 225255213,
        "priority": 35
      },
      "geometry": {
        "type": "Polygon",
        "coordinates": [
          [
            [
              118.9283385,
              32.1207052
            ],
            [
              118.9283646,
              32.1206657
            ],
            [
              118.9287545,
              32.1208594
            ],
            [
              118.9287267,
              32.1208997
            ],
            [
              118.9284381,
              32.1207549
            ],
            [
              118.9284117,
              32.1207926
            ],
            [
              118.9283124,
              32.1207431
            ],
            [
              118.9283385,
              32.1207052
            ]
          ]
        ]
      }
    },
    {
      "type": "Feature",
      "id": "osm:way:225255214",
      "properties": {
        "featureType": "GREEN",
        "campusCode": "NJUPT_XIANLIN",
        "externalId": "osm:way:225255214",
        "name": "未命名绿地",
        "dataSource": "OPENSTREETMAP",
        "verificationStatus": "SOURCE_VERIFIED",
        "sourceId": "osm-xianlin-2026-08-22",
        "sourceUpdatedAt": null,
        "osmType": "way",
        "osmId": 225255214,
        "priority": 35
      },
      "geometry": {
        "type": "Polygon",
        "coordinates": [
          [
            [
              118.9288014,
              32.1209372
            ],
            [
              118.9288288,
              32.1208962
            ],
            [
              118.9292698,
              32.1211094
            ],
            [
              118.9292839,
              32.1211392
            ],
            [
              118.9292821,
              32.1211786
            ],
            [
              118.9292022,
              32.121302
            ],
            [
              118.9291676,
              32.1213202
            ],
            [
              118.9291157,
              32.1213119
            ],
            [
              118.9290711,
              32.1212902
            ],
            [
              118.9291008,
              32.1212442
            ],
            [
              118.9291614,
              32.1211575
            ],
            [
              118.9290739,
              32.1211136
            ],
            [
              118.9290944,
              32.1210842
            ],
            [
              118.9288014,
              32.1209372
            ]
          ]
        ]
      }
    },
    {
      "type": "Feature",
      "id": "osm:way:225255215",
      "properties": {
        "featureType": "GREEN",
        "campusCode": "NJUPT_XIANLIN",
        "externalId": "osm:way:225255215",
        "name": "未命名绿地",
        "dataSource": "OPENSTREETMAP",
        "verificationStatus": "SOURCE_VERIFIED",
        "sourceId": "osm-xianlin-2026-08-22",
        "sourceUpdatedAt": null,
        "osmType": "way",
        "osmId": 225255215,
        "priority": 35
      },
      "geometry": {
        "type": "Polygon",
        "coordinates": [
          [
            [
              118.9290084,
              32.1213869
            ],
            [
              118.9290497,
              32.1213221
            ],
            [
              118.929113,
              32.1213511
            ],
            [
              118.9291367,
              32.1213746
            ],
            [
              118.9291393,
              32.1214125
            ],
            [
              118.9290265,
              32.1215868
            ],
            [
              118.9289261,
              32.1215374
            ],
            [
              118.9288809,
              32.1215144
            ],
            [
              118.928923,
              32.121455
            ],
            [
              118.9289808,
              32.1214844
            ],
            [
              118.9290389,
              32.1214024
            ],
            [
              118.9290084,
              32.1213869
            ]
          ]
        ]
      }
    },
    {
      "type": "Feature",
      "id": "osm:way:225255216",
      "properties": {
        "featureType": "GREEN",
        "campusCode": "NJUPT_XIANLIN",
        "externalId": "osm:way:225255216",
        "name": "未命名绿地",
        "dataSource": "OPENSTREETMAP",
        "verificationStatus": "SOURCE_VERIFIED",
        "sourceId": "osm-xianlin-2026-08-22",
        "sourceUpdatedAt": null,
        "osmType": "way",
        "osmId": 225255216,
        "priority": 35
      },
      "geometry": {
        "type": "Polygon",
        "coordinates": [
          [
            [
              118.9288946,
              32.1215819
            ],
            [
              118.9289917,
              32.1216356
            ],
            [
              118.9289232,
              32.1217491
            ],
            [
              118.9288862,
              32.1217696
            ],
            [
              118.9288263,
              32.1217696
            ],
            [
              118.9287622,
              32.1217382
            ],
            [
              118.9287948,
              32.1216942
            ],
            [
              118.9288177,
              32.1217058
            ],
            [
              118.9288714,
              32.1216293
            ],
            [
              118.9288218,
              32.1216047
            ],
            [
              118.9288529,
              32.1215607
            ],
            [
              118.9288946,
              32.1215819
            ]
          ]
        ]
      }
    },
    {
      "type": "Feature",
      "id": "osm:way:225255217",
      "properties": {
        "featureType": "GREEN",
        "campusCode": "NJUPT_XIANLIN",
        "externalId": "osm:way:225255217",
        "name": "未命名绿地",
        "dataSource": "OPENSTREETMAP",
        "verificationStatus": "SOURCE_VERIFIED",
        "sourceId": "osm-xianlin-2026-08-22",
        "sourceUpdatedAt": null,
        "osmType": "way",
        "osmId": 225255217,
        "priority": 35
      },
      "geometry": {
        "type": "Polygon",
        "coordinates": [
          [
            [
              118.9286949,
              32.121843
            ],
            [
              118.9287436,
              32.1217684
            ],
            [
              118.928832,
              32.1218118
            ],
            [
              118.9288491,
              32.121836
            ],
            [
              118.9288505,
              32.121865
            ],
            [
              118.9287693,
              32.1219978
            ],
            [
              118.9287379,
              32.1220183
            ],
            [
              118.9287023,
              32.1220291
            ],
            [
              118.9286638,
              32.1220243
            ],
            [
              118.9281863,
              32.1217961
            ],
            [
              118.928182,
              32.1217792
            ],
            [
              118.9282456,
              32.121695
            ],
            [
              118.9284947,
              32.1218171
            ],
            [
              118.9284722,
              32.1218499
            ],
            [
              118.9286354,
              32.12193
            ],
            [
              118.9286949,
              32.121843
            ]
          ]
        ]
      }
    },
    {
      "type": "Feature",
      "id": "osm:way:225763938",
      "properties": {
        "featureType": "GREEN",
        "campusCode": "NJUPT_XIANLIN",
        "externalId": "osm:way:225763938",
        "name": "未命名绿地",
        "dataSource": "OPENSTREETMAP",
        "verificationStatus": "SOURCE_VERIFIED",
        "sourceId": "osm-xianlin-2026-08-22",
        "sourceUpdatedAt": null,
        "osmType": "way",
        "osmId": 225763938,
        "priority": 35
      },
      "geometry": {
        "type": "Polygon",
        "coordinates": [
          [
            [
              118.9286249,
              32.120071
            ],
            [
              118.9285474,
              32.1200321
            ],
            [
              118.9286908,
              32.1198096
            ],
            [
              118.9287117,
              32.1197971
            ],
            [
              118.9287397,
              32.1197899
            ],
            [
              118.9287702,
              32.1197981
            ],
            [
              118.9287931,
              32.1198121
            ],
            [
              118.9287437,
              32.1198904
            ],
            [
              118.9286623,
              32.1200143
            ],
            [
              118.9287114,
              32.1200375
            ],
            [
              118.9286742,
              32.1200942
            ],
            [
              118.9286249,
              32.120071
            ]
          ]
        ]
      }
    },
    {
      "type": "Feature",
      "id": "osm:way:223859795",
      "properties": {
        "featureType": "SPORT",
        "campusCode": "NJUPT_XIANLIN",
        "externalId": "osm:way:223859795",
        "name": "北区篮球场",
        "dataSource": "OPENSTREETMAP",
        "verificationStatus": "SOURCE_VERIFIED",
        "sourceId": "osm-xianlin-2026-08-22",
        "sourceUpdatedAt": null,
        "osmType": "way",
        "osmId": 223859795,
        "priority": 35
      },
      "geometry": {
        "type": "Polygon",
        "coordinates": [
          [
            [
              118.9253996,
              32.1219462
            ],
            [
              118.9257312,
              32.1214566
            ],
            [
              118.9269033,
              32.1220135
            ],
            [
              118.9265629,
              32.1225046
            ],
            [
              118.9253996,
              32.1219462
            ]
          ]
        ]
      }
    },
    {
      "type": "Feature",
      "id": "osm:way:223859800",
      "properties": {
        "featureType": "SPORT",
        "campusCode": "NJUPT_XIANLIN",
        "externalId": "osm:way:223859800",
        "name": "北区网球场",
        "dataSource": "OPENSTREETMAP",
        "verificationStatus": "SOURCE_VERIFIED",
        "sourceId": "osm-xianlin-2026-08-22",
        "sourceUpdatedAt": null,
        "osmType": "way",
        "osmId": 223859800,
        "priority": 35
      },
      "geometry": {
        "type": "Polygon",
        "coordinates": [
          [
            [
              118.9252097,
              32.1222291
            ],
            [
              118.9253996,
              32.1219462
            ],
            [
              118.9265629,
              32.1225046
            ],
            [
              118.926378,
              32.1227783
            ],
            [
              118.9252097,
              32.1222291
            ]
          ]
        ]
      }
    },
    {
      "type": "Feature",
      "id": "osm:way:224896261",
      "properties": {
        "featureType": "GREEN",
        "campusCode": "NJUPT_XIANLIN",
        "externalId": "osm:way:224896261",
        "name": "未命名绿地",
        "dataSource": "OPENSTREETMAP",
        "verificationStatus": "SOURCE_VERIFIED",
        "sourceId": "osm-xianlin-2026-08-22",
        "sourceUpdatedAt": null,
        "osmType": "way",
        "osmId": 224896261,
        "priority": 35
      },
      "geometry": {
        "type": "Polygon",
        "coordinates": [
          [
            [
              118.9282651,
              32.1173137
            ],
            [
              118.9282511,
              32.1173578
            ],
            [
              118.928213,
              32.1173901
            ],
            [
              118.9281609,
              32.1174019
            ],
            [
              118.9281089,
              32.1173901
            ],
            [
              118.9280708,
              32.1173578
            ],
            [
              118.9280568,
              32.1173137
            ],
            [
              118.9280708,
              32.1172696
            ],
            [
              118.9281089,
              32.1172374
            ],
            [
              118.9281609,
              32.1172255
            ],
            [
              118.928213,
              32.1172374
            ],
            [
              118.9282511,
              32.1172696
            ],
            [
              118.9282651,
              32.1173137
            ]
          ]
        ]
      }
    },
    {
      "type": "Feature",
      "id": "osm:way:225094685",
      "properties": {
        "featureType": "GREEN",
        "campusCode": "NJUPT_XIANLIN",
        "externalId": "osm:way:225094685",
        "name": "未命名绿地",
        "dataSource": "OPENSTREETMAP",
        "verificationStatus": "SOURCE_VERIFIED",
        "sourceId": "osm-xianlin-2026-08-22",
        "sourceUpdatedAt": null,
        "osmType": "way",
        "osmId": 225094685,
        "priority": 35
      },
      "geometry": {
        "type": "Polygon",
        "coordinates": [
          [
            [
              118.9280943,
              32.1177984
            ],
            [
              118.928097,
              32.1177708
            ],
            [
              118.9281431,
              32.117672
            ],
            [
              118.9281865,
              32.1175641
            ],
            [
              118.9282163,
              32.1175457
            ],
            [
              118.9282822,
              32.1175319
            ],
            [
              118.9283378,
              32.1175083
            ],
            [
              118.9283897,
              32.1175146
            ],
            [
              118.9293117,
              32.1179628
            ],
            [
              118.9296076,
              32.1181016
            ],
            [
              118.9296456,
              32.1181438
            ],
            [
              118.9296549,
              32.1181814
            ],
            [
              118.9294993,
              32.118412
            ],
            [
              118.9294456,
              32.1184262
            ],
            [
              118.9293907,
              32.1184152
            ],
            [
              118.9281187,
              32.1178236
            ],
            [
              118.9280943,
              32.1177984
            ]
          ]
        ]
      }
    },
    {
      "type": "Feature",
      "id": "osm:way:225106603",
      "properties": {
        "featureType": "GREEN",
        "campusCode": "NJUPT_XIANLIN",
        "externalId": "osm:way:225106603",
        "name": "未命名绿地",
        "dataSource": "OPENSTREETMAP",
        "verificationStatus": "SOURCE_VERIFIED",
        "sourceId": "osm-xianlin-2026-08-22",
        "sourceUpdatedAt": null,
        "osmType": "way",
        "osmId": 225106603,
        "priority": 35
      },
      "geometry": {
        "type": "Polygon",
        "coordinates": [
          [
            [
              118.922613,
              32.1213342
            ],
            [
              118.9230618,
              32.1214787
            ],
            [
              118.9230972,
              32.121423
            ],
            [
              118.923256,
              32.12149
            ],
            [
              118.923337,
              32.1214162
            ],
            [
              118.923579,
              32.1214968
            ],
            [
              118.9235869,
              32.1215182
            ],
            [
              118.9236291,
              32.1215867
            ],
            [
              118.9236949,
              32.1216466
            ],
            [
              118.9237652,
              32.1217004
            ],
            [
              118.9238521,
              32.1217427
            ],
            [
              118.9239484,
              32.1217757
            ],
            [
              118.9240565,
              32.1217921
            ],
            [
              118.9241208,
              32.1217911
            ],
            [
              118.9241915,
              32.1217858
            ],
            [
              118.924275,
              32.1217665
            ],
            [
              118.9243608,
              32.1217321
            ],
            [
              118.9244183,
              32.1216927
            ],
            [
              118.9246201,
              32.1218083
            ],
            [
              118.9246575,
              32.1218083
            ],
            [
              118.9247747,
              32.1217678
            ],
            [
              118.924904,
              32.1216948
            ],
            [
              118.9250441,
              32.1215726
            ],
            [
              118.925141,
              32.1214485
            ],
            [
              118.9252042,
              32.1213449
            ],
            [
              118.9252309,
              32.1212755
            ],
            [
              118.9252344,
              32.1212695
            ],
            [
              118.9252449,
              32.1212683
            ],
            [
              118.9255849,
              32.1214257
            ],
            [
              118.9255913,
              32.1214384
            ],
            [
              118.9255924,
              32.121453
            ],
            [
              118.9250955,
              32.1221858
            ],
            [
              118.9250984,
              32.1221989
            ],
            [
              118.92519,
              32.1222428
            ],
            [
              118.925203,
              32.1222383
            ],
            [
              118.9252097,
              32.1222291
            ],
            [
              118.926378,
              32.1227783
            ],
            [
              118.9265629,
              32.1225046
            ],
            [
              118.9269033,
              32.1220135
            ],
            [
              118.9270643,
              32.1217824
            ],
            [
              118.9271133,
              32.1217296
            ],
            [
              118.927123,
              32.121726
            ],
            [
              118.9271326,
              32.1217286
            ],
            [
              118.9272584,
              32.1217914
            ],
            [
              118.9272449,
              32.121809
            ],
            [
              118.9271131,
              32.1217427
            ],
            [
              118.926907,
              32.1220363
            ],
            [
              118.9271362,
              32.1221515
            ],
            [
              118.927342,
              32.1218579
            ],
            [
              118.9273009,
              32.1218373
            ],
            [
              118.9274859,
              32.1215655
            ],
            [
              118.9274992,
              32.1215554
            ],
            [
              118.9275227,
              32.1215554
            ],
            [
              118.9288342,
              32.1221784
            ],
            [
              118.9287638,
              32.1222914
            ],
            [
              118.9285593,
              32.1226443
            ],
            [
              118.9284949,
              32.1227149
            ],
            [
              118.928404,
              32.1228336
            ],
            [
              118.9281577,
              32.1232635
            ],
            [
              118.9280479,
              32.1234431
            ],
            [
              118.927938,
              32.1236003
            ],
            [
              118.9278547,
              32.1236388
            ],
            [
              118.9277373,
              32.1236228
            ],
            [
              118.9275138,
              32.1235554
            ],
            [
              118.92698,
              32.1233442
            ],
            [
              118.9265138,
              32.1231547
            ],
            [
              118.9264557,
              32.1231323
            ],
            [
              118.9261953,
              32.1230319
            ],
            [
              118.9259368,
              32.1229199
            ],
            [
              118.9257174,
              32.1228079
            ],
            [
              118.9254109,
              32.1226578
            ],
            [
              118.9248965,
              32.1224096
            ],
            [
              118.9242785,
              32.1220987
            ],
            [
              118.9234486,
              32.1216897
            ],
            [
              118.9231197,
              32.121531
            ],
            [
              118.9230522,
              32.1215292
            ],
            [
              118.9230158,
              32.1215556
            ],
            [
              118.922613,
              32.1213523
            ],
            [
              118.922613,
              32.1213342
            ]
          ]
        ]
      }
    },
    {
      "type": "Feature",
      "id": "osm:way:225199798",
      "properties": {
        "featureType": "GREEN",
        "campusCode": "NJUPT_XIANLIN",
        "externalId": "osm:way:225199798",
        "name": "未命名绿地",
        "dataSource": "OPENSTREETMAP",
        "verificationStatus": "SOURCE_VERIFIED",
        "sourceId": "osm-xianlin-2026-08-22",
        "sourceUpdatedAt": null,
        "osmType": "way",
        "osmId": 225199798,
        "priority": 35
      },
      "geometry": {
        "type": "Polygon",
        "coordinates": [
          [
            [
              118.9281279,
              32.1190655
            ],
            [
              118.9281109,
              32.1190655
            ],
            [
              118.927554,
              32.1187959
            ],
            [
              118.9275274,
              32.1187668
            ],
            [
              118.9275311,
              32.1187268
            ],
            [
              118.9277613,
              32.1183726
            ],
            [
              118.9277929,
              32.1183607
            ],
            [
              118.9278442,
              32.1183831
            ],
            [
              118.9278542,
              32.1184075
            ],
            [
              118.9277744,
              32.1185445
            ],
            [
              118.9277711,
              32.1185745
            ],
            [
              118.9277844,
              32.118612
            ],
            [
              118.9278398,
              32.118657
            ],
            [
              118.9278015,
              32.1187159
            ],
            [
              118.9277437,
              32.1188019
            ],
            [
              118.9279097,
              32.1188819
            ],
            [
              118.9279305,
              32.1188509
            ],
            [
              118.9281935,
              32.1189777
            ],
            [
              118.9281279,
              32.1190655
            ]
          ]
        ]
      }
    },
    {
      "type": "Feature",
      "id": "osm:way:225204386",
      "properties": {
        "featureType": "GREEN",
        "campusCode": "NJUPT_XIANLIN",
        "externalId": "osm:way:225204386",
        "name": "未命名绿地",
        "dataSource": "OPENSTREETMAP",
        "verificationStatus": "SOURCE_VERIFIED",
        "sourceId": "osm-xianlin-2026-08-22",
        "sourceUpdatedAt": null,
        "osmType": "way",
        "osmId": 225204386,
        "priority": 35
      },
      "geometry": {
        "type": "Polygon",
        "coordinates": [
          [
            [
              118.9280485,
              32.1193294
            ],
            [
              118.9279231,
              32.1192719
            ],
            [
              118.9279962,
              32.1191618
            ],
            [
              118.9280368,
              32.1191297
            ],
            [
              118.9280864,
              32.1191238
            ],
            [
              118.9281383,
              32.1191397
            ],
            [
              118.9282899,
              32.11921
            ],
            [
              118.9282684,
              32.1192419
            ],
            [
              118.9281469,
              32.1191832
            ],
            [
              118.9280485,
              32.1193294
            ]
          ]
        ]
      }
    },
    {
      "type": "Feature",
      "id": "osm:way:225205351",
      "properties": {
        "featureType": "GREEN",
        "campusCode": "NJUPT_XIANLIN",
        "externalId": "osm:way:225205351",
        "name": "未命名绿地",
        "dataSource": "OPENSTREETMAP",
        "verificationStatus": "SOURCE_VERIFIED",
        "sourceId": "osm-xianlin-2026-08-22",
        "sourceUpdatedAt": null,
        "osmType": "way",
        "osmId": 225205351,
        "priority": 35
      },
      "geometry": {
        "type": "Polygon",
        "coordinates": [
          [
            [
              118.9280569,
              32.1201534
            ],
            [
              118.9279514,
              32.1203062
            ],
            [
              118.9280801,
              32.1203704
            ],
            [
              118.9281352,
              32.1203839
            ],
            [
              118.9281841,
              32.1203766
            ],
            [
              118.9282282,
              32.1203559
            ],
            [
              118.9284344,
              32.1200527
            ],
            [
              118.9283728,
              32.1200218
            ],
            [
              118.9283085,
              32.1199911
            ],
            [
              118.9281656,
              32.1202054
            ],
            [
              118.9280569,
              32.1201534
            ]
          ]
        ]
      }
    },
    {
      "type": "Feature",
      "id": "osm:way:225205900",
      "properties": {
        "featureType": "GREEN",
        "campusCode": "NJUPT_XIANLIN",
        "externalId": "osm:way:225205900",
        "name": "未命名绿地",
        "dataSource": "OPENSTREETMAP",
        "verificationStatus": "SOURCE_VERIFIED",
        "sourceId": "osm-xianlin-2026-08-22",
        "sourceUpdatedAt": null,
        "osmType": "way",
        "osmId": 225205900,
        "priority": 35
      },
      "geometry": {
        "type": "Polygon",
        "coordinates": [
          [
            [
              118.9278404,
              32.1183235
            ],
            [
              118.9278211,
              32.1182934
            ],
            [
              118.9279318,
              32.1181285
            ],
            [
              118.9280179,
              32.1179558
            ],
            [
              118.9280591,
              32.1178722
            ],
            [
              118.9280864,
              32.1178673
            ],
            [
              118.9287753,
              32.1181955
            ],
            [
              118.9287601,
              32.1182171
            ],
            [
              118.9287453,
              32.1182386
            ],
            [
              118.9283848,
              32.1180611
            ],
            [
              118.9283569,
              32.1181018
            ],
            [
              118.9282568,
              32.1180525
            ],
            [
              118.928196,
              32.118141
            ],
            [
              118.9281743,
              32.1181761
            ],
            [
              118.9281075,
              32.1181493
            ],
            [
              118.9280618,
              32.1181478
            ],
            [
              118.9280108,
              32.1181612
            ],
            [
              118.9279017,
              32.118326
            ],
            [
              118.9278668,
              32.118333
            ],
            [
              118.9278404,
              32.1183235
            ]
          ]
        ]
      }
    },
    {
      "type": "Feature",
      "id": "osm:way:225255211",
      "properties": {
        "featureType": "GREEN",
        "campusCode": "NJUPT_XIANLIN",
        "externalId": "osm:way:225255211",
        "name": "未命名绿地",
        "dataSource": "OPENSTREETMAP",
        "verificationStatus": "SOURCE_VERIFIED",
        "sourceId": "osm-xianlin-2026-08-22",
        "sourceUpdatedAt": null,
        "osmType": "way",
        "osmId": 225255211,
        "priority": 35
      },
      "geometry": {
        "type": "Polygon",
        "coordinates": [
          [
            [
              118.9281508,
              32.120785
            ],
            [
              118.9280907,
              32.1207552
            ],
            [
              118.9280775,
              32.120738
            ],
            [
              118.9281008,
              32.1207054
            ],
            [
              118.9281201,
              32.1207054
            ],
            [
              118.9281831,
              32.1207381
            ],
            [
              118.9281508,
              32.120785
            ]
          ]
        ]
      }
    },
    {
      "type": "Feature",
      "id": "osm:way:225255212",
      "properties": {
        "featureType": "GREEN",
        "campusCode": "NJUPT_XIANLIN",
        "externalId": "osm:way:225255212",
        "name": "未命名绿地",
        "dataSource": "OPENSTREETMAP",
        "verificationStatus": "SOURCE_VERIFIED",
        "sourceId": "osm-xianlin-2026-08-22",
        "sourceUpdatedAt": null,
        "osmType": "way",
        "osmId": 225255212,
        "priority": 35
      },
      "geometry": {
        "type": "Polygon",
        "coordinates": [
          [
            [
              118.9282134,
              32.1206941
            ],
            [
              118.9281505,
              32.1206616
            ],
            [
              118.9281393,
              32.1206487
            ],
            [
              118.9281707,
              32.1206015
            ],
            [
              118.928191,
              32.1205929
            ],
            [
              118.9282163,
              32.1205946
            ],
            [
              118.9283065,
              32.1206376
            ],
            [
              118.9282784,
              32.1206756
            ],
            [
              118.9282394,
              32.1206563
            ],
            [
              118.9282134,
              32.1206941
            ]
          ]
        ]
      }
    },
    {
      "type": "Feature",
      "id": "osm:way:225255218",
      "properties": {
        "featureType": "GREEN",
        "campusCode": "NJUPT_XIANLIN",
        "externalId": "osm:way:225255218",
        "name": "未命名绿地",
        "dataSource": "OPENSTREETMAP",
        "verificationStatus": "SOURCE_VERIFIED",
        "sourceId": "osm-xianlin-2026-08-22",
        "sourceUpdatedAt": null,
        "osmType": "way",
        "osmId": 225255218,
        "priority": 35
      },
      "geometry": {
        "type": "Polygon",
        "coordinates": [
          [
            [
              118.9281875,
              32.1216664
            ],
            [
              118.9281303,
              32.121749
            ],
            [
              118.9281078,
              32.1217558
            ],
            [
              118.927632,
              32.1215264
            ],
            [
              118.9276011,
              32.1214946
            ],
            [
              118.9276011,
              32.1214491
            ],
            [
              118.9277929,
              32.1211584
            ],
            [
              118.9278264,
              32.1211593
            ],
            [
              118.9278768,
              32.1211833
            ],
            [
              118.927702,
              32.1214373
            ],
            [
              118.9277963,
              32.1214858
            ],
            [
              118.9277805,
              32.1215112
            ],
            [
              118.9279468,
              32.1215928
            ],
            [
              118.9279695,
              32.1215595
            ],
            [
              118.9281875,
              32.1216664
            ]
          ]
        ]
      }
    }
  ]
}
